DriverNumber,LapNumber,Sector1Time,Sector2Time,Sector3Time,SpeedI1,SpeedI2,SpeedFL,TyreLife,HARD,INTERMEDIATE,MEDIUM,SOFT,WET
44,2.0,28.153000000000002,28.96,28.32,310.0,308.0,305.0,5.0,0,0,0,1,0
44,3.0,28.116000000000003,28.667,28.217000000000002,306.0,306.0,305.0,6.0,0,0,0,1,0
44,4.0,28.089000000000002,28.847,28.215000000000003,305.0,302.0,304.0,7.0,0,0,0,1,0
44,5.0,28.199,28.694000000000003,28.341,304.0,302.0,303.0,8.0,0,0,0,1,0
44,6.0,28.151000000000003,28.466,28.096,310.0,306.0,304.0,9.0,0,0,0,1,0
44,7.0,28.138,28.595000000000002,28.182000000000002,307.0,305.0,305.0,10.0,0,0,0,1,0
44,8.0,28.217000000000002,28.556,28.119000000000003,309.0,307.0,306.0,11.0,0,0,0,1,0
44,10.0,28.274,28.526000000000003,28.057000000000002,311.0,308.0,305.0,13.0,0,0,0,1,0
44,11.0,28.226000000000003,28.589000000000002,28.184,312.0,309.0,304.0,14.0,0,0,0,1,0
44,12.0,28.207,28.520000000000003,28.087000000000003,315.0,310.0,305.0,15.0,0,0,0,1,0
44,13.0,28.214000000000002,28.697000000000003,28.110000000000003,313.0,309.0,305.0,16.0,0,0,0,1,0
44,14.0,28.490000000000002,28.573,28.093000000000004,310.0,308.0,304.0,17.0,0,0,0,1,0
44,15.0,28.234,28.599,28.139000000000003,314.0,309.0,305.0,18.0,0,0,0,1,0
44,16.0,28.155,28.481,28.133000000000003,312.0,310.0,306.0,19.0,0,0,0,1,0
44,17.0,28.216,28.537000000000003,28.135,311.0,309.0,305.0,20.0,0,0,0,1,0
44,18.0,28.201,28.778000000000002,28.062,315.0,312.0,307.0,21.0,0,0,0,1,0
44,23.0,27.554000000000002,29.544,27.826,317.0,319.0,310.0,4.0,0,0,1,0,0
44,24.0,28.12,28.421000000000003,27.717000000000002,308.0,318.0,310.0,5.0,0,0,1,0,0
44,25.0,27.904000000000003,28.313000000000002,28.003,311.0,330.0,313.0,6.0,0,0,1,0,0
44,26.0,27.915000000000003,28.418000000000003,27.582,320.0,312.0,310.0,7.0,0,0,1,0,0
44,27.0,27.895000000000003,28.116000000000003,27.713,314.0,321.0,313.0,8.0,0,0,1,0,0
44,28.0,27.855,28.184,27.795,316.0,322.0,311.0,9.0,0,0,1,0,0
44,30.0,27.816000000000003,28.273000000000003,28.336000000000002,315.0,321.0,309.0,11.0,0,0,1,0,0
44,32.0,27.821,28.108,27.663,312.0,322.0,315.0,13.0,0,0,1,0,0
44,33.0,27.777,28.426000000000002,27.961000000000002,314.0,333.0,313.0,14.0,0,0,1,0,0
44,35.0,27.803,28.237000000000002,27.619000000000003,310.0,320.0,316.0,16.0,0,0,1,0,0
44,36.0,27.496000000000002,28.883000000000003,27.748,312.0,319.0,313.0,17.0,0,0,1,0,0
44,37.0,28.025000000000002,28.313000000000002,27.689,314.0,322.0,313.0,18.0,0,0,1,0,0
44,38.0,27.765,28.068,27.677000000000003,318.0,321.0,316.0,19.0,0,0,1,0,0
44,39.0,27.861,28.175,27.720000000000002,317.0,323.0,313.0,20.0,0,0,1,0,0
44,40.0,27.805000000000003,28.356,27.73,312.0,319.0,312.0,21.0,0,0,1,0,0
44,41.0,27.853,28.07,27.437,318.0,316.0,313.0,22.0,0,0,1,0,0
44,43.0,27.915000000000003,28.26,27.638,314.0,311.0,310.0,24.0,0,0,1,0,0
44,44.0,28.145000000000003,28.161,27.655,316.0,312.0,309.0,25.0,0,0,1,0,0
44,45.0,27.992,27.990000000000002,27.592000000000002,315.0,310.0,309.0,26.0,0,0,1,0,0
44,46.0,28.025000000000002,28.108,27.663,314.0,309.0,307.0,27.0,0,0,1,0,0
44,47.0,28.243000000000002,28.141000000000002,27.741000000000003,310.0,308.0,307.0,28.0,0,0,1,0,0
44,48.0,28.192,28.035,27.874000000000002,313.0,310.0,307.0,29.0,0,0,1,0,0
44,51.0,27.516000000000002,27.236,27.027,313.0,316.0,310.0,4.0,0,0,0,1,0
44,52.0,27.621000000000002,28.388,28.113000000000003,306.0,300.0,304.0,5.0,0,0,0,1,0
44,53.0,28.471,28.748,28.763,298.0,299.0,257.0,6.0,0,0,0,1,0
33,3.0,28.085,28.397000000000002,28.05,302.0,311.0,304.0,2.0,0,0,0,1,0
33,4.0,28.12,28.547,27.995,300.0,310.0,304.0,3.0,0,0,0,1,0
33,5.0,28.011000000000003,28.547,28.021,301.0,311.0,304.0,4.0,0,0,0,1,0
33,6.0,28.075000000000003,28.740000000000002,28.214000000000002,303.0,311.0,305.0,5.0,0,0,0,1,0
33,7.0,28.048000000000002,28.555000000000003,28.195,304.0,313.0,306.0,6.0,0,0,0,1,0
33,8.0,28.231,28.66,28.128,306.0,316.0,307.0,7.0,0,0,0,1,0
33,9.0,28.130000000000003,28.758000000000003,28.187,307.0,318.0,309.0,8.0,0,0,0,1,0
33,10.0,28.121000000000002,29.497000000000003,28.778000000000002,314.0,345.0,309.0,9.0,0,0,0,1,0
33,11.0,28.330000000000002,29.392000000000003,28.561000000000003,315.0,339.0,306.0,10.0,0,0,0,1,0
33,12.0,28.148000000000003,28.653000000000002,28.187,308.0,317.0,308.0,11.0,0,0,0,1,0
33,13.0,28.433000000000003,28.733,28.246000000000002,316.0,319.0,309.0,12.0,0,0,0,1,0
33,14.0,28.201,28.94,28.668000000000003,311.0,327.0,314.0,13.0,0,0,0,1,0
33,15.0,28.197000000000003,28.789,28.14,308.0,318.0,307.0,14.0,0,0,0,1,0
33,16.0,28.135,28.672,28.045,310.0,320.0,309.0,15.0,0,0,0,1,0
33,18.0,27.972,28.903000000000002,28.278000000000002,309.0,321.0,310.0,17.0,0,0,0,1,0
33,19.0,28.548000000000002,28.845000000000002,28.115000000000002,312.0,322.0,313.0,18.0,0,0,0,1,0
33,20.0,28.141000000000002,29.182000000000002,28.674000000000003,315.0,333.0,311.0,19.0,0,0,0,1,0
33,21.0,28.212000000000003,29.494000000000003,28.750000000000004,316.0,338.0,315.0,20.0,0,0,0,1,0
33,22.0,28.063000000000002,29.189,28.327,319.0,319.0,309.0,21.0,0,0,0,1,0
33,23.0,28.288,29.429000000000002,28.475,310.0,325.0,312.0,22.0,0,0,0,1,0
33,24.0,28.478,29.158,28.542,309.0,326.0,309.0,23.0,0,0,0,1,0
33,25.0,28.221,29.117,28.385,310.0,320.0,310.0,24.0,0,0,0,1,0
33,26.0,28.412000000000003,29.245,28.579,308.0,319.0,309.0,25.0,0,0,0,1,0
33,29.0,27.921000000000003,28.608,27.884,312.0,323.0,314.0,3.0,0,0,1,0,0
33,32.0,27.969,28.668000000000003,28.259,324.0,332.0,318.0,6.0,0,0,1,0,0
33,33.0,27.825000000000003,29.146,28.442,317.0,342.0,317.0,7.0,0,0,1,0,0
33,34.0,27.768,28.559,28.12,311.0,330.0,318.0,8.0,0,0,1,0,0
33,35.0,27.712000000000003,28.102,27.524,304.0,315.0,310.0,9.0,0,0,1,0,0
33,37.0,27.883000000000003,27.977,27.554000000000002,306.0,316.0,311.0,11.0,0,0,1,0,0
33,39.0,27.813000000000002,28.078000000000003,27.516000000000002,309.0,320.0,314.0,13.0,0,0,1,0,0
33,40.0,27.884,28.152,27.823,313.0,330.0,321.0,14.0,0,0,1,0,0
33,41.0,27.666,28.052000000000003,27.425,308.0,318.0,313.0,15.0,0,0,1,0,0
33,42.0,27.785,28.121000000000002,27.540000000000003,310.0,320.0,315.0,16.0,0,0,1,0,0
33,43.0,27.783,28.128,27.696,312.0,321.0,316.0,17.0,0,0,1,0,0
33,44.0,27.790000000000003,28.151000000000003,27.611,314.0,329.0,320.0,18.0,0,0,1,0,0
33,45.0,27.69,29.098000000000003,27.998,334.0,331.0,319.0,19.0,0,0,1,0,0
33,46.0,27.561,29.315,28.005000000000003,329.0,328.0,318.0,20.0,0,0,1,0,0
33,47.0,27.953000000000003,28.405,27.746000000000002,312.0,327.0,319.0,21.0,0,0,1,0,0
33,48.0,27.885,28.471,27.821,308.0,318.0,315.0,22.0,0,0,1,0,0
33,50.0,28.007,28.290000000000003,27.691000000000003,310.0,321.0,317.0,24.0,0,0,1,0,0
33,51.0,27.89,28.256,27.610000000000003,311.0,327.0,317.0,25.0,0,0,1,0,0
33,52.0,27.994000000000003,28.315,27.812,313.0,337.0,317.0,26.0,0,0,1,0,0
33,53.0,28.020000000000003,28.397000000000002,27.958000000000002,312.0,335.0,313.0,27.0,0,0,1,0,0
44,2.0,23.771,31.524,28.362000000000002,253.0,247.0,273.0,5.0,0,0,0,1,0
44,3.0,23.702,31.338,28.143,262.0,257.0,273.0,6.0,0,0,0,1,0
44,4.0,23.531000000000002,31.174000000000003,28.077,264.0,259.0,274.0,7.0,0,0,0,1,0
44,5.0,23.529,31.112000000000002,28.057000000000002,268.0,264.0,274.0,8.0,0,0,0,1,0
44,6.0,23.419,30.933000000000003,27.958000000000002,261.0,259.0,274.0,9.0,0,0,0,1,0
44,7.0,23.288,30.968000000000004,27.998,270.0,263.0,274.0,10.0,0,0,0,1,0
44,8.0,23.377000000000002,30.971000000000004,28.007,266.0,262.0,274.0,11.0,0,0,0,1,0
44,9.0,23.278000000000002,30.754,27.94,270.0,263.0,274.0,12.0,0,0,0,1,0
44,10.0,23.193,30.807000000000002,27.974,268.0,255.0,275.0,13.0,0,0,0,1,0
44,11.0,23.271,30.87,28.143,267.0,258.0,275.0,14.0,0,0,0,1,0
44,12.0,23.225,30.751,28.022000000000002,263.0,261.0,275.0,15.0,0,0,0,1,0
44,13.0,23.228,30.798000000000002,27.921000000000003,265.0,264.0,276.0,16.0,0,0,0,1,0
44,14.0,23.279,30.835,28.037000000000003,267.0,260.0,276.0,17.0,0,0,0,1,0
44,15.0,23.086000000000002,30.802000000000003,27.878,264.0,263.0,276.0,18.0,0,0,0,1,0
44,16.0,23.209000000000003,30.682000000000002,28.022000000000002,271.0,262.0,276.0,19.0,0,0,0,1,0
44,17.0,23.154,30.688000000000002,28.062,264.0,265.0,276.0,20.0,0,0,0,1,0
44,18.0,23.115000000000002,30.898000000000003,28.728,273.0,263.0,278.0,21.0,0,0,0,1,0
44,19.0,23.316000000000003,31.354000000000003,28.321,258.0,263.0,286.0,22.0,0,0,0,1,0
44,20.0,22.669,30.782000000000004,28.076,274.0,261.0,275.0,23.0,0,0,0,1,0
44,21.0,23.286,30.936000000000003,28.164,272.0,269.0,276.0,24.0,0,0,0,1,0
44,22.0,23.162000000000003,30.863000000000003,28.358,273.0,267.0,276.0,25.0,0,0,0,1,0
44,23.0,23.226000000000003,30.935000000000002,28.305000000000003,276.0,266.0,275.0,26.0,0,0,0,1,0
44,24.0,23.214000000000002,30.789,28.257,275.0,262.0,277.0,27.0,0,0,0,1,0
44,25.0,23.436,31.01,28.44,270.0,263.0,276.0,28.0,0,0,0,1,0
44,26.0,23.497,30.966,28.463,277.0,265.0,276.0,29.0,0,0,0,1,0
44,29.0,23.518,30.810000000000002,27.803,265.0,258.0,276.0,2.0,0,0,1,0,0
44,31.0,23.398,30.311000000000003,27.425,268.0,261.0,274.0,4.0,0,0,1,0,0
44,32.0,23.397000000000002,30.94,27.949,269.0,260.0,274.0,5.0,0,0,1,0,0
44,33.0,23.396,30.971000000000004,27.974,265.0,253.0,275.0,6.0,0,0,1,0,0
44,34.0,23.274,30.985000000000003,28.034000000000002,271.0,256.0,275.0,7.0,0,0,1,0,0
44,35.0,23.071,30.589000000000002,28.085,274.0,266.0,275.0,8.0,0,0,1,0,0
44,36.0,23.044,30.609,28.191000000000003,275.0,253.0,282.0,9.0,0,0,1,0,0
44,37.0,23.084000000000003,30.66,28.040000000000003,270.0,259.0,285.0,10.0,0,0,1,0,0
44,39.0,23.18,30.885,28.072000000000003,263.0,254.0,277.0,12.0,0,0,1,0,0
44,40.0,23.01,30.675,28.039,273.0,260.0,277.0,13.0,0,0,1,0,0
44,41.0,23.382,30.808000000000003,28.020000000000003,271.0,261.0,276.0,14.0,0,0,1,0,0
44,42.0,23.080000000000002,31.1,28.026000000000003,265.0,261.0,275.0,15.0,0,0,1,0,0
44,45.0,22.82,30.337000000000003,27.796000000000003,269.0,268.0,277.0,18.0,0,0,1,0,0
44,54.0,22.461000000000002,29.158,26.873,279.0,281.0,277.0,11.0,0,0,0,1,0
44,55.0,22.992,30.165000000000003,27.752000000000002,267.0,268.0,278.0,12.0,0,0,0,1,0
44,56.0,22.766000000000002,30.020000000000003,27.194000000000003,275.0,267.0,278.0,13.0,0,0,0,1,0
44,57.0,22.819000000000003,29.742,27.297,274.0,272.0,276.0,14.0,0,0,0,1,0
44,58.0,22.796000000000003,30.020000000000003,27.479000000000003,272.0,265.0,275.0,15.0,0,0,0,1,0
44,59.0,22.781000000000002,29.606,27.294,273.0,275.0,276.0,16.0,0,0,0,1,0
44,60.0,22.706000000000003,29.691000000000003,27.377000000000002,274.0,274.0,276.0,17.0,0,0,0,1,0
44,61.0,22.798000000000002,29.642000000000003,27.445,275.0,272.0,276.0,18.0,0,0,0,1,0
44,65.0,22.692,29.682000000000002,27.245,277.0,272.0,276.0,22.0,0,0,0,1,0
44,66.0,22.771,29.747000000000003,27.591,276.0,276.0,232.0,23.0,0,0,0,1,0
33,2.0,23.644000000000002,31.330000000000002,28.621000000000002,267.0,251.0,275.0,5.0,0,0,0,1,0
33,5.0,23.406000000000002,31.104000000000003,28.293000000000003,269.0,259.0,276.0,8.0,0,0,0,1,0
33,6.0,23.401,31.024,28.392000000000003,268.0,264.0,275.0,9.0,0,0,0,1,0
33,7.0,23.434,31.102,28.417,266.0,263.0,275.0,10.0,0,0,0,1,0
33,8.0,23.378,30.958000000000002,28.289,267.0,262.0,275.0,11.0,0,0,0,1,0
33,9.0,23.346,31.022000000000002,28.341,268.0,266.0,274.0,12.0,0,0,0,1,0
33,10.0,23.343,30.977,28.231,271.0,260.0,275.0,13.0,0,0,0,1,0
33,11.0,23.399,30.92,28.183000000000003,268.0,265.0,275.0,14.0,0,0,0,1,0
33,12.0,23.315,31.000000000000004,28.220000000000002,269.0,264.0,276.0,15.0,0,0,0,1,0
33,13.0,23.264000000000003,31.068,28.285,273.0,267.0,275.0,16.0,0,0,0,1,0
33,14.0,23.380000000000003,30.992,28.316000000000003,271.0,265.0,275.0,17.0,0,0,0,1,0
33,15.0,23.403000000000002,31.063000000000002,28.384,269.0,267.0,275.0,18.0,0,0,0,1,0
33,17.0,23.468,31.178,28.369000000000003,267.0,265.0,275.0,20.0,0,0,0,1,0
33,18.0,23.432000000000002,31.165000000000003,28.444000000000003,268.0,267.0,276.0,21.0,0,0,0,1,0
33,22.0,23.322000000000003,30.881,27.989,270.0,264.0,274.0,2.0,0,0,0,1,0
33,23.0,23.373,30.799000000000003,28.051000000000002,268.0,263.0,274.0,3.0,0,0,0,1,0
33,24.0,23.342000000000002,30.795,28.146,266.0,267.0,275.0,4.0,0,0,0,1,0
33,25.0,23.322000000000003,30.853,28.14,267.0,266.0,276.0,5.0,0,0,0,1,0
33,26.0,23.295,31.092000000000002,28.516000000000002,271.0,263.0,276.0,6.0,0,0,0,1,0
33,27.0,23.255000000000003,31.171000000000003,28.274,269.0,261.0,277.0,7.0,0,0,0,1,0
33,28.0,23.403000000000002,30.831000000000003,28.092000000000002,270.0,265.0,277.0,8.0,0,0,0,1,0
33,29.0,23.176000000000002,30.770000000000003,28.773000000000003,272.0,265.0,285.0,9.0,0,0,0,1,0
33,32.0,23.203000000000003,30.477,28.245,270.0,264.0,275.0,12.0,0,0,0,1,0
33,33.0,23.222,30.496000000000002,28.126,271.0,267.0,276.0,13.0,0,0,0,1,0
33,34.0,23.194000000000003,30.613000000000003,28.144000000000002,270.0,269.0,278.0,14.0,0,0,0,1,0
33,35.0,23.181,30.917,28.091,275.0,278.0,276.0,15.0,0,0,0,1,0
33,36.0,23.07,30.650000000000002,28.059,273.0,267.0,276.0,16.0,0,0,0,1,0
33,37.0,23.177000000000003,30.495,28.139000000000003,272.0,271.0,278.0,17.0,0,0,0,1,0
33,38.0,23.282,30.684,28.071,278.0,269.0,278.0,18.0,0,0,0,1,0
33,39.0,23.115000000000002,30.51,28.202,274.0,271.0,276.0,19.0,0,0,0,1,0
33,40.0,23.168000000000003,30.676000000000002,28.227,277.0,254.0,276.0,20.0,0,0,0,1,0
33,41.0,23.187,30.443,28.130000000000003,274.0,270.0,277.0,21.0,0,0,0,1,0
33,45.0,22.747,29.970000000000002,27.491000000000003,279.0,274.0,292.0,2.0,0,0,1,0,0
33,54.0,22.937,30.334000000000003,27.855,280.0,270.0,280.0,11.0,0,0,1,0,0
33,55.0,22.824,29.918000000000003,27.46,286.0,280.0,278.0,12.0,0,0,1,0,0
33,58.0,22.672,29.877000000000002,27.767000000000003,284.0,281.0,277.0,15.0,0,0,1,0,0
33,59.0,22.701,29.841,27.586000000000002,285.0,284.0,278.0,16.0,0,0,1,0,0
33,61.0,22.67,29.815,27.548000000000002,286.0,281.0,278.0,18.0,0,0,1,0,0
33,63.0,22.698,29.878,27.711000000000002,287.0,284.0,278.0,20.0,0,0,1,0,0
33,64.0,22.666,29.813000000000002,27.514000000000003,285.0,286.0,278.0,21.0,0,0,1,0,0
33,65.0,22.752000000000002,29.945,27.498,286.0,287.0,279.0,22.0,0,0,1,0,0
33,66.0,22.697000000000003,29.958000000000002,27.794,284.0,285.0,237.0,23.0,0,0,1,0,0
44,2.0,31.473000000000003,42.727000000000004,23.793000000000003,235.0,245.0,280.0,5.0,0,0,0,1,0
44,3.0,30.677000000000003,42.383,23.699,233.0,247.0,279.0,6.0,0,0,0,1,0
44,4.0,30.92,42.480000000000004,24.169,234.0,241.0,278.0,7.0,0,0,0,1,0
44,5.0,30.881,42.314,23.772000000000002,236.0,244.0,280.0,8.0,0,0,0,1,0
44,7.0,30.659000000000002,43.04,23.938000000000002,234.0,245.0,279.0,10.0,0,0,0,1,0
44,11.0,30.647000000000002,42.773,23.896,229.0,246.0,281.0,14.0,0,0,0,1,0
44,15.0,30.039,41.342000000000006,23.470000000000002,236.0,246.0,295.0,2.0,0,0,0,1,0
44,16.0,29.853,41.445,23.346,238.0,247.0,281.0,3.0,0,0,0,1,0
44,17.0,30.148000000000003,41.874,23.482000000000003,235.0,247.0,281.0,4.0,0,0,0,1,0
44,18.0,30.311000000000003,42.190000000000005,23.451,236.0,247.0,281.0,5.0,0,0,0,1,0
44,20.0,30.514000000000003,42.239000000000004,23.609,238.0,246.0,280.0,7.0,0,0,0,1,0
44,21.0,30.515,42.522000000000006,23.603,236.0,250.0,280.0,8.0,0,0,0,1,0
44,22.0,30.560000000000002,42.531000000000006,23.517000000000003,231.0,247.0,280.0,9.0,0,0,0,1,0
44,23.0,31.14,42.830000000000005,23.882,233.0,260.0,288.0,10.0,0,0,0,1,0
44,24.0,30.417,42.586000000000006,24.014000000000003,236.0,252.0,281.0,11.0,0,0,0,1,0
44,28.0,30.417,42.961000000000006,23.851000000000003,238.0,249.0,281.0,15.0,0,0,0,1,0
44,29.0,30.731,42.914,23.841,236.0,246.0,281.0,16.0,0,0,0,1,0
44,30.0,30.654000000000003,42.715,23.756,238.0,252.0,282.0,17.0,0,0,0,1,0
44,32.0,30.941000000000003,43.415000000000006,23.73,237.0,246.0,282.0,19.0,0,0,0,1,0
44,33.0,30.585,42.756,23.826,240.0,250.0,282.0,20.0,0,0,0,1,0
44,36.0,29.775000000000002,40.716,23.037000000000003,238.0,256.0,293.0,2.0,0,0,1,0,0
44,37.0,29.181,42.24,23.301000000000002,235.0,249.0,295.0,3.0,0,0,1,0,0
44,38.0,29.265,41.64,23.477,233.0,248.0,281.0,4.0,0,0,1,0,0
44,39.0,30.218000000000004,41.789,23.240000000000002,239.0,247.0,282.0,5.0,0,0,1,0,0
44,40.0,30.193,41.818000000000005,23.304000000000002,238.0,247.0,282.0,6.0,0,0,1,0,0
44,43.0,30.066000000000003,41.370000000000005,23.267000000000003,239.0,250.0,281.0,9.0,0,0,1,0,0
44,44.0,30.095000000000002,41.75,23.233,240.0,252.0,281.0,10.0,0,0,1,0,0
44,45.0,30.177000000000003,41.764,23.172,239.0,250.0,282.0,11.0,0,0,1,0,0
44,46.0,30.189000000000004,42.325,23.873,238.0,254.0,278.0,12.0,0,0,1,0,0
44,47.0,30.313000000000002,42.008,23.345000000000002,242.0,250.0,284.0,13.0,0,0,1,0,0
44,48.0,30.263,42.823,23.951,237.0,236.0,282.0,14.0,0,0,1,0,0
44,49.0,30.802000000000003,42.31,23.69,238.0,247.0,278.0,15.0,0,0,1,0,0
44,50.0,30.713,42.046,23.547,236.0,243.0,279.0,16.0,0,0,1,0,0
44,53.0,30.302000000000003,42.705000000000005,23.687,234.0,246.0,280.0,19.0,0,0,1,0,0
44,54.0,30.735000000000003,42.378,23.708000000000002,237.0,248.0,280.0,20.0,0,0,1,0,0
44,55.0,31.518,46.574000000000005,31.877000000000002,238.0,113.0,203.0,21.0,0,0,1,0,0
33,2.0,31.094,43.412000000000006,24.212,234.0,243.0,277.0,5.0,0,0,0,1,0
33,4.0,31.223000000000003,42.938,24.247,230.0,247.0,276.0,7.0,0,0,0,1,0
33,5.0,30.871000000000002,42.796,24.204,234.0,244.0,277.0,8.0,0,0,0,1,0
33,6.0,30.906000000000002,42.634,24.109,235.0,248.0,277.0,9.0,0,0,0,1,0
33,8.0,30.834000000000003,42.742000000000004,24.083000000000002,234.0,245.0,278.0,11.0,0,0,0,1,0
33,9.0,30.787000000000003,42.501000000000005,24.201,235.0,249.0,277.0,12.0,0,0,0,1,0
33,10.0,30.856,42.719,24.075000000000003,234.0,248.0,278.0,13.0,0,0,0,1,0
33,14.0,31.026000000000003,42.418,23.833000000000002,238.0,245.0,286.0,3.0,0,0,1,0,0
33,15.0,30.177000000000003,42.197,23.823,237.0,246.0,278.0,4.0,0,0,1,0,0
33,16.0,30.888,42.128,23.895000000000003,233.0,243.0,278.0,5.0,0,0,1,0,0
33,17.0,30.6,42.177,23.975,234.0,244.0,278.0,6.0,0,0,1,0,0
33,18.0,30.592000000000002,42.546,23.776,235.0,245.0,279.0,7.0,0,0,1,0,0
33,19.0,30.623,42.304,23.779,237.0,245.0,278.0,8.0,0,0,1,0,0
33,20.0,30.754,42.532000000000004,23.781000000000002,233.0,247.0,279.0,9.0,0,0,1,0,0
33,21.0,30.587000000000003,42.27,23.804000000000002,237.0,248.0,279.0,10.0,0,0,1,0,0
33,23.0,30.919,42.554,23.926000000000002,235.0,246.0,279.0,12.0,0,0,1,0,0
33,24.0,31.015,42.602000000000004,23.865000000000002,238.0,249.0,279.0,13.0,0,0,1,0,0
33,25.0,31.008000000000003,42.725,23.944000000000003,237.0,248.0,279.0,14.0,0,0,1,0,0
33,26.0,30.936000000000003,42.656000000000006,24.034000000000002,236.0,247.0,279.0,15.0,0,0,1,0,0
33,27.0,30.811000000000003,43.088,24.121000000000002,235.0,245.0,279.0,16.0,0,0,1,0,0
33,28.0,30.880000000000003,42.976000000000006,24.088,237.0,248.0,279.0,17.0,0,0,1,0,0
33,29.0,30.782000000000004,43.057,24.005000000000003,236.0,249.0,280.0,18.0,0,0,1,0,0
33,31.0,31.203000000000003,43.495000000000005,24.149,240.0,251.0,279.0,20.0,0,0,1,0,0
33,34.0,30.615000000000002,41.828,23.997,239.0,251.0,287.0,2.0,0,0,1,0,0
33,35.0,30.085,41.884,23.385,240.0,244.0,281.0,3.0,0,0,1,0,0
33,36.0,30.775000000000002,41.861000000000004,23.799000000000003,237.0,238.0,280.0,4.0,0,0,1,0,0
33,37.0,30.552000000000003,42.053000000000004,23.576,240.0,245.0,280.0,5.0,0,0,1,0,0
33,38.0,30.551000000000002,41.994,23.531000000000002,237.0,250.0,282.0,6.0,0,0,1,0,0
33,39.0,30.531000000000002,42.481,23.348000000000003,240.0,246.0,281.0,7.0,0,0,1,0,0
33,40.0,30.604000000000003,42.153000000000006,23.483,239.0,247.0,281.0,8.0,0,0,1,0,0
33,41.0,30.649,41.973000000000006,23.583000000000002,238.0,245.0,281.0,9.0,0,0,1,0,0
33,44.0,30.562,41.948,23.437,237.0,250.0,281.0,12.0,0,0,1,0,0
33,45.0,30.531000000000002,41.845000000000006,23.401,238.0,248.0,282.0,13.0,0,0,1,0,0
33,46.0,30.522000000000002,41.815000000000005,23.606,239.0,249.0,281.0,14.0,0,0,1,0,0
33,48.0,30.371000000000002,41.771,23.577,238.0,251.0,281.0,16.0,0,0,1,0,0
33,49.0,30.713,42.244,23.594,240.0,252.0,281.0,17.0,0,0,1,0,0
33,50.0,30.506,41.854,23.610000000000003,238.0,252.0,281.0,18.0,0,0,1,0,0
33,51.0,30.675,41.868,23.489,240.0,252.0,282.0,19.0,0,0,1,0,0
33,53.0,30.417,42.076,23.518,241.0,254.0,283.0,21.0,0,0,1,0,0
33,54.0,30.438000000000002,42.123000000000005,23.671000000000003,240.0,255.0,278.0,22.0,0,0,1,0,0
44,2.0,18.14,43.937000000000005,40.663000000000004,269.0,273.0,217.0,5.0,0,0,1,0,0
44,3.0,18.213,43.681000000000004,40.609,271.0,280.0,216.0,6.0,0,0,1,0,0
44,4.0,18.293000000000003,43.899,40.724000000000004,267.0,279.0,216.0,7.0,0,0,1,0,0
44,5.0,18.129,43.867000000000004,41.134,273.0,286.0,218.0,8.0,0,0,1,0,0
44,6.0,18.138,43.956,40.764,271.0,279.0,217.0,9.0,0,0,1,0,0
44,9.0,18.053,44.144000000000005,40.677,270.0,280.0,217.0,12.0,0,0,1,0,0
44,10.0,18.148,44.096000000000004,40.663000000000004,271.0,280.0,217.0,13.0,0,0,1,0,0
44,11.0,18.081,44.061,40.637,274.0,281.0,216.0,14.0,0,0,1,0,0
44,12.0,18.125,44.127,40.815000000000005,272.0,279.0,217.0,15.0,0,0,1,0,0
44,13.0,18.081,43.951,40.588,273.0,283.0,216.0,16.0,0,0,1,0,0
44,15.0,17.874000000000002,44.089000000000006,40.481,277.0,287.0,217.0,18.0,0,0,1,0,0
44,16.0,17.898,43.926,40.468,274.0,285.0,218.0,19.0,0,0,1,0,0
44,17.0,17.912000000000003,44.050000000000004,40.512,275.0,285.0,217.0,20.0,0,0,1,0,0
44,18.0,17.950000000000003,43.942,40.518,274.0,286.0,217.0,21.0,0,0,1,0,0
44,19.0,17.881,43.903000000000006,40.445,276.0,287.0,217.0,22.0,0,0,1,0,0
44,20.0,17.887,43.88,40.89,275.0,288.0,217.0,23.0,0,0,1,0,0
44,21.0,17.838,44.066,41.776,277.0,293.0,215.0,24.0,0,0,1,0,0
44,22.0,17.978,43.836000000000006,40.992000000000004,273.0,292.0,214.0,25.0,0,0,1,0,0
44,23.0,17.900000000000002,43.969,41.909000000000006,281.0,289.0,214.0,26.0,0,0,1,0,0
44,25.0,17.925,44.127,41.069,277.0,291.0,216.0,28.0,0,0,1,0,0
44,28.0,17.867,43.211000000000006,39.992000000000004,275.0,290.0,220.0,2.0,1,0,0,0,0
44,29.0,17.802,43.53,40.412,276.0,282.0,221.0,3.0,1,0,0,0,0
44,31.0,17.927,43.407000000000004,40.235,275.0,282.0,221.0,5.0,1,0,0,0,0
44,33.0,17.919,43.474000000000004,40.188,276.0,281.0,220.0,7.0,1,0,0,0,0
44,34.0,17.918000000000003,43.819,40.569,278.0,282.0,220.0,8.0,1,0,0,0,0
44,35.0,17.809,43.739000000000004,40.297000000000004,279.0,292.0,218.0,9.0,1,0,0,0,0
44,36.0,17.889,43.725,40.401,276.0,285.0,219.0,10.0,1,0,0,0,0
44,37.0,17.839000000000002,43.684000000000005,40.501000000000005,277.0,289.0,219.0,11.0,1,0,0,0,0
44,38.0,17.749000000000002,43.68,41.512,280.0,290.0,214.0,12.0,1,0,0,0,0
44,39.0,17.868000000000002,43.616,40.096000000000004,277.0,289.0,220.0,13.0,1,0,0,0,0
44,41.0,17.722,43.653000000000006,40.601,279.0,294.0,219.0,15.0,1,0,0,0,0
44,42.0,17.771,43.734,40.648,278.0,289.0,219.0,16.0,1,0,0,0,0
44,43.0,17.68,43.291000000000004,40.334,280.0,294.0,222.0,17.0,1,0,0,0,0
44,45.0,17.397000000000002,43.069,39.542,281.0,292.0,221.0,19.0,1,0,0,0,0
44,47.0,17.859,43.587,40.079,278.0,292.0,222.0,21.0,1,0,0,0,0
44,50.0,17.626,43.594,40.405,279.0,290.0,222.0,24.0,1,0,0,0,0
44,51.0,17.712,43.495000000000005,40.762,280.0,291.0,226.0,25.0,1,0,0,0,0
44,52.0,17.36,44.050000000000004,40.683,284.0,290.0,226.0,26.0,1,0,0,0,0
44,54.0,17.678,43.873000000000005,40.457,279.0,286.0,219.0,28.0,1,0,0,0,0
44,55.0,17.838,43.837,41.191,275.0,274.0,171.0,29.0,1,0,0,0,0
33,2.0,18.040000000000003,43.910000000000004,41.331,276.0,284.0,214.0,5.0,0,0,1,0,0
33,3.0,18.062,43.864000000000004,41.319,272.0,285.0,214.0,6.0,0,0,1,0,0
33,4.0,18.015,43.967000000000006,41.326,271.0,283.0,215.0,7.0,0,0,1,0,0
33,5.0,18.059,44.103,41.344,270.0,282.0,215.0,8.0,0,0,1,0,0
33,6.0,18.184,44.07,41.545,267.0,287.0,215.0,9.0,0,0,1,0,0
33,7.0,18.014,44.067,41.175000000000004,274.0,285.0,214.0,10.0,0,0,1,0,0
33,8.0,18.162000000000003,43.912000000000006,41.132000000000005,270.0,286.0,215.0,11.0,0,0,1,0,0
33,9.0,18.089000000000002,44.034000000000006,41.18,271.0,283.0,215.0,12.0,0,0,1,0,0
33,10.0,18.05,44.135000000000005,41.257000000000005,269.0,285.0,214.0,13.0,0,0,1,0,0
33,11.0,18.075000000000003,44.067,41.262,274.0,282.0,214.0,14.0,0,0,1,0,0
33,12.0,17.997,44.045,41.21,273.0,288.0,216.0,15.0,0,0,1,0,0
33,13.0,17.992,44.103,40.915,272.0,285.0,215.0,16.0,0,0,1,0,0
33,15.0,18.033,44.192,40.832,273.0,284.0,216.0,18.0,0,0,1,0,0
33,16.0,17.959,44.081,40.794000000000004,270.0,282.0,215.0,19.0,0,0,1,0,0
33,19.0,18.087,44.228,40.851,269.0,282.0,217.0,22.0,0,0,1,0,0
33,20.0,17.971,44.082,40.957,272.0,281.0,216.0,23.0,0,0,1,0,0
33,21.0,17.955000000000002,44.084,40.985,271.0,285.0,216.0,24.0,0,0,1,0,0
33,22.0,17.94,44.229,41.021,270.0,281.0,215.0,25.0,0,0,1,0,0
33,23.0,17.934,44.097,41.032000000000004,272.0,282.0,215.0,26.0,0,0,1,0,0
33,27.0,18.014,43.628,41.256,274.0,289.0,219.0,2.0,1,0,0,0,0
33,28.0,17.696,43.68,40.275000000000006,276.0,284.0,219.0,3.0,1,0,0,0,0
33,29.0,17.764,43.502,40.435,281.0,290.0,219.0,4.0,1,0,0,0,0
33,30.0,17.66,43.552,40.685,272.0,285.0,219.0,5.0,1,0,0,0,0
33,31.0,17.575000000000003,43.295,41.651,278.0,301.0,218.0,6.0,1,0,0,0,0
33,32.0,17.679000000000002,43.995000000000005,40.924,281.0,299.0,219.0,7.0,1,0,0,0,0
33,33.0,17.792,43.668,40.523,272.0,282.0,219.0,8.0,1,0,0,0,0
33,34.0,17.747,43.622,40.325,271.0,283.0,220.0,9.0,1,0,0,0,0
33,35.0,17.892,43.645,40.749,272.0,289.0,219.0,10.0,1,0,0,0,0
33,36.0,17.847,43.793,40.921,274.0,279.0,219.0,11.0,1,0,0,0,0
33,37.0,17.889,43.522000000000006,40.365,275.0,281.0,220.0,12.0,1,0,0,0,0
33,38.0,17.779,43.566,40.21,277.0,288.0,220.0,13.0,1,0,0,0,0
33,39.0,17.679000000000002,43.621,40.241,273.0,285.0,220.0,14.0,1,0,0,0,0
33,40.0,17.902,43.546,40.330000000000005,275.0,281.0,220.0,15.0,1,0,0,0,0
33,41.0,17.738,43.617000000000004,40.469,276.0,285.0,219.0,16.0,1,0,0,0,0
33,43.0,17.76,43.531000000000006,40.464000000000006,281.0,292.0,219.0,18.0,1,0,0,0,0
33,44.0,17.764,43.552,40.730000000000004,274.0,293.0,219.0,19.0,1,0,0,0,0
33,45.0,17.694000000000003,43.484,40.777,276.0,286.0,221.0,20.0,1,0,0,0,0
33,46.0,17.659000000000002,43.755,40.260000000000005,268.0,292.0,220.0,21.0,1,0,0,0,0
33,47.0,17.666,43.536,40.39,276.0,286.0,221.0,22.0,1,0,0,0,0
33,48.0,17.681,43.308,40.284000000000006,277.0,297.0,220.0,23.0,1,0,0,0,0
33,49.0,17.664,43.416000000000004,40.695,279.0,294.0,217.0,24.0,1,0,0,0,0
33,50.0,17.688000000000002,43.301,40.344,277.0,304.0,220.0,25.0,1,0,0,0,0
33,52.0,17.501,43.487,40.755,281.0,299.0,217.0,27.0,1,0,0,0,0
33,53.0,17.625,43.289,40.935,287.0,306.0,220.0,28.0,1,0,0,0,0
33,54.0,17.484,43.626000000000005,40.454,278.0,303.0,221.0,29.0,1,0,0,0,0
33,55.0,17.561,43.485,40.073,275.0,291.0,218.0,30.0,1,0,0,0,0
44,6.0,31.568,48.877,29.725,311.0,198.0,218.0,11.0,0,0,0,1,0
44,7.0,31.674000000000003,48.567,29.719,307.0,197.0,217.0,12.0,0,0,0,1,0
44,8.0,31.517000000000003,48.362,29.632,311.0,197.0,217.0,13.0,0,0,0,1,0
44,10.0,31.507,48.709,29.642000000000003,312.0,193.0,219.0,15.0,0,0,0,1,0
44,11.0,31.262,48.659000000000006,29.712000000000003,326.0,184.0,219.0,16.0,0,0,0,1,0
44,12.0,31.465000000000003,48.447,29.539,313.0,197.0,218.0,17.0,0,0,0,1,0
44,13.0,31.506,48.35,29.499000000000002,314.0,196.0,217.0,18.0,0,0,0,1,0
44,14.0,31.432000000000002,48.236000000000004,29.566000000000003,313.0,196.0,216.0,19.0,0,0,0,1,0
44,16.0,31.55,47.800000000000004,29.596,309.0,197.0,218.0,21.0,0,0,0,1,0
44,18.0,31.537000000000003,47.973000000000006,29.609,306.0,195.0,218.0,23.0,0,0,0,1,0
44,19.0,31.568,48.087,29.584000000000003,309.0,198.0,219.0,24.0,0,0,0,1,0
44,20.0,31.531000000000002,47.923,29.636000000000003,310.0,200.0,218.0,25.0,0,0,0,1,0
44,24.0,31.332,46.225,29.023000000000003,308.0,205.0,223.0,2.0,0,0,1,0,0
44,25.0,31.261000000000003,46.549,29.049000000000003,307.0,204.0,222.0,3.0,0,0,1,0,0
44,26.0,31.181,46.509,29.041,309.0,203.0,221.0,4.0,0,0,1,0,0
44,27.0,31.142000000000003,46.550000000000004,28.982000000000003,312.0,201.0,221.0,5.0,0,0,1,0,0
44,28.0,31.076,46.888000000000005,29.027,314.0,202.0,221.0,6.0,0,0,1,0,0
44,29.0,31.094,47.378,29.779000000000003,317.0,199.0,221.0,7.0,0,0,1,0,0
44,31.0,30.815,48.206,29.476000000000003,331.0,201.0,227.0,9.0,0,0,1,0,0
44,32.0,30.840000000000003,47.151,29.126,343.0,203.0,221.0,10.0,0,0,1,0,0
44,33.0,31.535000000000004,46.899,29.342000000000002,310.0,204.0,222.0,11.0,0,0,1,0,0
44,34.0,31.324,46.768,29.353,303.0,203.0,221.0,12.0,0,0,1,0,0
44,35.0,31.303,46.494,29.114,313.0,201.0,222.0,13.0,0,0,1,0,0
44,36.0,31.228,46.602000000000004,29.209000000000003,310.0,201.0,221.0,14.0,0,0,1,0,0
44,37.0,31.251,46.417,29.155,312.0,201.0,222.0,15.0,0,0,1,0,0
44,39.0,31.248,46.902,29.248,311.0,201.0,222.0,17.0,0,0,1,0,0
44,41.0,31.181,47.126000000000005,29.239,313.0,198.0,223.0,19.0,0,0,1,0,0
44,42.0,31.198,47.689,29.244000000000003,318.0,194.0,222.0,20.0,0,0,1,0,0
44,43.0,31.308000000000003,47.190000000000005,29.196,313.0,200.0,222.0,21.0,0,0,1,0,0
44,44.0,31.206000000000003,47.891000000000005,29.37,319.0,198.0,205.0,22.0,0,0,1,0,0
44,2.0,29.161,37.504000000000005,25.258000000000003,298.0,257.0,246.0,6.0,0,0,1,0,0
44,3.0,29.079,37.230000000000004,25.326,303.0,264.0,249.0,7.0,0,0,1,0,0
44,4.0,28.860000000000003,37.917,25.281000000000002,307.0,262.0,246.0,8.0,0,0,1,0,0
44,5.0,29.107000000000003,37.308,25.125,303.0,259.0,247.0,9.0,0,0,1,0,0
44,6.0,29.037000000000003,36.859,25.071,291.0,261.0,246.0,10.0,0,0,1,0,0
44,7.0,28.915000000000003,36.95,25.075000000000003,305.0,261.0,245.0,11.0,0,0,1,0,0
44,8.0,28.913,36.946000000000005,24.991000000000003,307.0,262.0,246.0,12.0,0,0,1,0,0
44,9.0,28.908,37.122,25.110000000000003,306.0,261.0,248.0,13.0,0,0,1,0,0
44,10.0,28.942,37.06,24.970000000000002,305.0,263.0,247.0,14.0,0,0,1,0,0
44,11.0,28.995,37.024,24.968,303.0,262.0,247.0,15.0,0,0,1,0,0
44,12.0,29.048000000000002,36.892,24.964000000000002,305.0,262.0,247.0,16.0,0,0,1,0,0
44,15.0,28.976000000000003,36.949000000000005,24.952,306.0,262.0,247.0,19.0,0,0,1,0,0
44,16.0,29.068,37.009,24.929000000000002,290.0,258.0,247.0,20.0,0,0,1,0,0
44,17.0,28.831000000000003,36.594,24.811,293.0,260.0,247.0,21.0,0,0,1,0,0
44,18.0,29.076,36.795,25.108,285.0,258.0,247.0,22.0,0,0,1,0,0
44,19.0,28.899,36.743,25.142000000000003,289.0,256.0,247.0,23.0,0,0,1,0,0
44,25.0,28.657,36.784,24.568,289.0,263.0,250.0,5.0,1,0,0,0,0
44,26.0,28.723000000000003,36.668,24.599,288.0,263.0,249.0,6.0,1,0,0,0,0
44,27.0,28.535,36.619,24.447000000000003,290.0,263.0,250.0,7.0,1,0,0,0,0
44,28.0,28.557000000000002,36.485,24.462000000000003,288.0,264.0,250.0,8.0,1,0,0,0,0
44,29.0,28.429000000000002,36.217,24.544,291.0,265.0,250.0,9.0,1,0,0,0,0
44,30.0,28.555000000000003,36.555,24.649,288.0,262.0,251.0,10.0,1,0,0,0,0
44,31.0,28.432000000000002,36.385000000000005,24.446,289.0,263.0,252.0,11.0,1,0,0,0,0
44,32.0,28.644000000000002,36.387,24.478,287.0,263.0,250.0,12.0,1,0,0,0,0
44,33.0,28.558000000000003,36.582,24.389000000000003,289.0,264.0,250.0,13.0,1,0,0,0,0
44,35.0,28.535,36.301,24.422,288.0,264.0,251.0,15.0,1,0,0,0,0
44,36.0,28.479000000000003,36.318000000000005,24.393,289.0,266.0,252.0,16.0,1,0,0,0,0
44,37.0,28.605,36.669000000000004,24.382,288.0,263.0,249.0,17.0,1,0,0,0,0
44,38.0,28.495,36.222,24.322000000000003,289.0,266.0,250.0,18.0,1,0,0,0,0
44,39.0,28.657,36.382000000000005,24.232000000000003,288.0,267.0,251.0,19.0,1,0,0,0,0
44,40.0,28.558000000000003,36.182,24.245,293.0,266.0,251.0,20.0,1,0,0,0,0
44,41.0,28.372000000000003,35.979,24.217000000000002,291.0,267.0,252.0,21.0,1,0,0,0,0
44,42.0,28.445,35.918,24.271,290.0,267.0,252.0,22.0,1,0,0,0,0
44,43.0,28.301000000000002,36.043,24.278000000000002,291.0,268.0,252.0,23.0,1,0,0,0,0
44,44.0,28.668000000000003,35.983000000000004,24.176000000000002,289.0,267.0,252.0,24.0,1,0,0,0,0
44,45.0,28.412000000000003,36.068000000000005,24.361,288.0,267.0,253.0,25.0,1,0,0,0,0
44,46.0,28.127000000000002,36.455000000000005,24.328000000000003,312.0,265.0,252.0,26.0,1,0,0,0,0
44,47.0,28.485000000000003,36.185,24.393,288.0,267.0,252.0,27.0,1,0,0,0,0
44,49.0,28.397000000000002,36.087,24.192,287.0,267.0,251.0,29.0,1,0,0,0,0
44,51.0,28.701,36.367000000000004,24.643,289.0,264.0,254.0,31.0,1,0,0,0,0
44,52.0,28.075000000000003,35.375,23.919,298.0,269.0,252.0,32.0,1,0,0,0,0
33,2.0,29.184,37.483000000000004,25.528000000000002,290.0,260.0,247.0,7.0,0,0,1,0,0
33,3.0,28.736,37.728,25.465,306.0,261.0,246.0,8.0,0,0,1,0,0
33,4.0,28.815,37.553000000000004,25.248,305.0,260.0,246.0,9.0,0,0,1,0,0
33,5.0,28.988000000000003,37.369,25.567,306.0,262.0,245.0,10.0,0,0,1,0,0
33,6.0,28.931,37.175000000000004,25.284000000000002,304.0,260.0,247.0,11.0,0,0,1,0,0
33,7.0,28.971,37.197,25.19,306.0,262.0,248.0,12.0,0,0,1,0,0
33,8.0,28.763,37.273,25.338,309.0,259.0,247.0,13.0,0,0,1,0,0
33,9.0,28.841,37.412,25.405,307.0,261.0,247.0,14.0,0,0,1,0,0
33,10.0,28.817,37.21,25.937,306.0,260.0,246.0,15.0,0,0,1,0,0
33,11.0,29.655,37.433,25.665000000000003,313.0,264.0,246.0,16.0,0,0,1,0,0
33,12.0,28.865000000000002,36.957,25.5,303.0,263.0,247.0,17.0,0,0,1,0,0
33,15.0,28.738000000000003,36.952000000000005,25.221,303.0,262.0,249.0,2.0,0,0,1,0,0
33,16.0,29.075000000000003,37.534,25.03,307.0,262.0,250.0,3.0,0,0,1,0,0
33,17.0,28.477,37.766000000000005,25.335,319.0,261.0,250.0,4.0,0,0,1,0,0
33,19.0,28.885,36.744,25.292,303.0,260.0,250.0,6.0,0,0,1,0,0
33,25.0,28.772000000000002,36.783,25.185000000000002,292.0,265.0,249.0,5.0,1,0,0,0,0
33,26.0,28.44,37.160000000000004,25.383000000000003,309.0,264.0,247.0,6.0,1,0,0,0,0
33,27.0,28.469,36.745000000000005,24.725,310.0,263.0,249.0,7.0,1,0,0,0,0
33,28.0,28.490000000000002,36.5,24.835,294.0,262.0,250.0,8.0,1,0,0,0,0
33,29.0,28.482000000000003,36.631,24.915000000000003,291.0,263.0,250.0,9.0,1,0,0,0,0
33,30.0,28.509,36.482,24.866000000000003,290.0,264.0,250.0,10.0,1,0,0,0,0
33,32.0,28.496000000000002,36.371,24.828000000000003,292.0,263.0,251.0,12.0,1,0,0,0,0
33,33.0,28.522000000000002,36.439,24.719,293.0,264.0,251.0,13.0,1,0,0,0,0
33,34.0,28.340000000000003,36.445,24.665000000000003,304.0,267.0,250.0,14.0,1,0,0,0,0
33,35.0,28.419,36.378,24.727,305.0,266.0,252.0,15.0,1,0,0,0,0
33,37.0,28.474,36.506,37.925000000000004,308.0,269.0,202.0,17.0,1,0,0,0,0
33,38.0,29.76,36.974000000000004,24.775000000000002,287.0,265.0,249.0,18.0,1,0,0,0,0
33,39.0,28.602,36.552,24.797,289.0,266.0,250.0,19.0,1,0,0,0,0
33,40.0,28.497000000000003,36.46,24.76,292.0,265.0,249.0,20.0,1,0,0,0,0
33,41.0,28.522000000000002,36.558,24.573,290.0,265.0,250.0,21.0,1,0,0,0,0
33,42.0,28.501,36.454,24.82,292.0,267.0,249.0,22.0,1,0,0,0,0
33,43.0,28.482000000000003,36.337,24.59,291.0,266.0,250.0,23.0,1,0,0,0,0
33,44.0,28.413,36.438,24.681,290.0,267.0,251.0,24.0,1,0,0,0,0
33,46.0,28.396,36.332,24.615000000000002,292.0,266.0,251.0,26.0,1,0,0,0,0
33,47.0,28.407,36.253,24.631,291.0,267.0,250.0,27.0,1,0,0,0,0
33,48.0,28.501,36.433,24.8,289.0,265.0,248.0,28.0,1,0,0,0,0
33,49.0,28.543000000000003,36.483000000000004,24.877000000000002,288.0,266.0,249.0,29.0,1,0,0,0,0
33,50.0,28.553,36.459,24.704,289.0,266.0,250.0,30.0,1,0,0,0,0
33,51.0,28.541,36.348,24.706000000000003,291.0,266.0,250.0,31.0,1,0,0,0,0
33,52.0,28.552000000000003,36.465,24.838,289.0,265.0,249.0,32.0,1,0,0,0,0
44,2.0,27.871000000000002,28.857000000000003,28.537000000000003,308.0,308.0,306.0,5.0,0,0,0,1,0
44,3.0,28.176000000000002,28.898000000000003,28.465000000000003,309.0,309.0,307.0,6.0,0,0,0,1,0
44,4.0,28.073,28.842000000000002,28.457,305.0,307.0,307.0,7.0,0,0,0,1,0
44,5.0,28.173000000000002,28.901000000000003,28.467000000000002,307.0,306.0,307.0,8.0,0,0,0,1,0
44,6.0,28.055000000000003,28.612000000000002,28.223000000000003,309.0,309.0,308.0,9.0,0,0,0,1,0
44,7.0,28.021,28.722,28.331000000000003,312.0,310.0,308.0,10.0,0,0,0,1,0
44,8.0,27.937,28.727,28.342000000000002,310.0,309.0,309.0,11.0,0,0,0,1,0
44,9.0,28.270000000000003,28.873,28.327,311.0,310.0,308.0,12.0,0,0,0,1,0
44,10.0,27.963,28.634,28.331000000000003,310.0,310.0,308.0,13.0,0,0,0,1,0
44,11.0,27.938000000000002,28.657,28.257,311.0,311.0,308.0,14.0,0,0,0,1,0
44,12.0,27.96,28.903000000000002,28.362000000000002,310.0,310.0,309.0,15.0,0,0,0,1,0
44,14.0,28.023000000000003,28.687,28.285,311.0,311.0,309.0,17.0,0,0,0,1,0
44,15.0,27.912000000000003,28.686000000000003,28.317,312.0,312.0,309.0,18.0,0,0,0,1,0
44,16.0,27.917,28.537000000000003,28.172,311.0,312.0,309.0,19.0,0,0,0,1,0
44,17.0,27.937,28.67,28.287000000000003,312.0,311.0,308.0,20.0,0,0,0,1,0
44,18.0,28.01,28.579,28.179000000000002,313.0,312.0,309.0,21.0,0,0,0,1,0
44,30.0,27.689,28.249000000000002,27.827,314.0,314.0,312.0,4.0,1,0,0,0,0
44,31.0,27.808000000000003,28.082,27.574,315.0,315.0,313.0,5.0,1,0,0,0,0
44,32.0,27.520000000000003,27.937,27.444000000000003,318.0,318.0,315.0,6.0,1,0,0,0,0
44,33.0,27.613000000000003,27.841,27.501,316.0,317.0,314.0,7.0,1,0,0,0,0
44,35.0,27.533,28.298000000000002,27.718,317.0,320.0,316.0,9.0,1,0,0,0,0
44,36.0,27.564,28.117,27.653000000000002,320.0,325.0,319.0,10.0,1,0,0,0,0
44,37.0,27.485000000000003,28.408,28.491000000000003,330.0,339.0,322.0,11.0,1,0,0,0,0
44,38.0,27.751,29.177000000000003,28.145000000000003,328.0,328.0,323.0,12.0,1,0,0,0,0
44,39.0,27.62,29.083000000000002,28.147000000000002,327.0,330.0,322.0,13.0,1,0,0,0,0
44,40.0,27.299000000000003,28.932000000000002,28.225,336.0,326.0,324.0,14.0,1,0,0,0,0
44,41.0,27.73,28.747000000000003,28.367,318.0,326.0,326.0,15.0,1,0,0,0,0
44,42.0,28.03,28.249000000000002,27.498,319.0,319.0,315.0,16.0,1,0,0,0,0
44,43.0,27.621000000000002,28.116000000000003,27.637,321.0,321.0,317.0,17.0,1,0,0,0,0
44,44.0,27.737000000000002,28.558000000000003,28.264000000000003,328.0,333.0,321.0,18.0,1,0,0,0,0
44,45.0,27.967000000000002,28.295,28.122000000000003,337.0,323.0,319.0,19.0,1,0,0,0,0
44,46.0,27.840000000000003,29.499000000000002,27.976000000000003,328.0,350.0,316.0,20.0,1,0,0,0,0
44,47.0,27.721,28.596,27.793000000000003,318.0,322.0,320.0,21.0,1,0,0,0,0
44,50.0,27.466,28.197000000000003,28.447000000000003,331.0,335.0,320.0,24.0,1,0,0,0,0
44,51.0,27.711000000000002,28.589000000000002,27.443,328.0,314.0,317.0,25.0,1,0,0,0,0
44,52.0,27.793000000000003,27.863000000000003,27.790000000000003,326.0,330.0,322.0,26.0,1,0,0,0,0
44,53.0,27.357000000000003,28.155,28.67,319.0,320.0,282.0,27.0,1,0,0,0,0
33,2.0,28.299000000000003,29.903000000000002,28.560000000000002,318.0,319.0,317.0,5.0,0,0,0,1,0
33,3.0,28.217000000000002,29.21,28.317,322.0,322.0,314.0,6.0,0,0,0,1,0
33,4.0,27.855,29.461000000000002,28.546000000000003,312.0,326.0,314.0,7.0,0,0,0,1,0
33,5.0,27.934,29.472,28.556,317.0,329.0,315.0,8.0,0,0,0,1,0
33,6.0,28.008000000000003,29.619000000000003,28.962000000000003,314.0,330.0,313.0,9.0,0,0,0,1,0
33,8.0,27.889000000000003,29.382,28.998,313.0,328.0,315.0,11.0,0,0,0,1,0
33,9.0,27.938000000000002,29.590000000000003,28.680000000000003,318.0,326.0,313.0,12.0,0,0,0,1,0
33,10.0,27.704,29.316000000000003,28.519000000000002,315.0,329.0,313.0,13.0,0,0,0,1,0
33,11.0,27.905,29.290000000000003,28.575000000000003,313.0,328.0,316.0,14.0,0,0,0,1,0
33,12.0,27.614,29.470000000000002,28.818,317.0,333.0,314.0,15.0,0,0,0,1,0
33,13.0,27.860000000000003,29.795,28.882,318.0,328.0,315.0,16.0,0,0,0,1,0
33,14.0,27.701,29.71,28.522000000000002,321.0,328.0,316.0,17.0,0,0,0,1,0
33,15.0,27.922,29.67,28.687,320.0,328.0,317.0,18.0,0,0,0,1,0
33,16.0,27.735000000000003,29.703000000000003,28.545,323.0,328.0,316.0,19.0,0,0,0,1,0
33,17.0,27.803,29.548000000000002,28.604000000000003,318.0,325.0,315.0,20.0,0,0,0,1,0
33,18.0,27.826,29.497000000000003,28.528000000000002,319.0,326.0,315.0,21.0,0,0,0,1,0
33,19.0,27.875,29.325000000000003,29.085,318.0,323.0,301.0,22.0,0,0,0,1,0
33,28.0,66.84700000000001,31.763,29.416,295.0,297.0,309.0,6.0,0,0,1,0,0
33,29.0,28.696,30.425,28.912000000000003,287.0,311.0,312.0,7.0,0,0,1,0,0
44,2.0,24.014000000000003,31.689000000000004,28.927000000000003,261.0,253.0,274.0,5.0,0,0,0,1,0
44,3.0,24.077,31.973000000000003,28.987000000000002,255.0,250.0,271.0,6.0,0,0,0,1,0
44,4.0,24.060000000000002,31.816000000000003,28.803,262.0,266.0,271.0,7.0,0,0,0,1,0
44,5.0,23.997,31.721000000000004,28.652,258.0,261.0,275.0,8.0,0,0,0,1,0
44,6.0,23.799000000000003,31.812,28.636000000000003,257.0,261.0,274.0,9.0,0,0,0,1,0
44,8.0,23.849,31.654000000000003,28.605,265.0,248.0,274.0,11.0,0,0,0,1,0
44,9.0,23.905,31.714000000000002,28.907,256.0,256.0,275.0,12.0,0,0,0,1,0
44,10.0,23.701,31.405,28.512,260.0,259.0,274.0,13.0,0,0,0,1,0
44,11.0,23.492,31.294,28.452,266.0,259.0,276.0,14.0,0,0,0,1,0
44,12.0,23.397000000000002,31.17,28.5,270.0,251.0,275.0,15.0,0,0,0,1,0
44,13.0,23.291,31.130000000000003,28.346,274.0,263.0,275.0,16.0,0,0,0,1,0
44,14.0,23.554000000000002,31.171000000000003,28.472,269.0,266.0,275.0,17.0,0,0,0,1,0
44,15.0,23.495,31.251,28.349,266.0,261.0,275.0,18.0,0,0,0,1,0
44,16.0,23.417,31.301000000000002,28.498,270.0,259.0,276.0,19.0,0,0,0,1,0
44,17.0,23.39,31.423000000000002,28.553,265.0,266.0,275.0,20.0,0,0,0,1,0
44,18.0,23.392000000000003,31.342000000000002,28.672,262.0,264.0,273.0,21.0,0,0,0,1,0
44,19.0,23.467000000000002,31.359,28.679000000000002,267.0,261.0,276.0,22.0,0,0,0,1,0
44,20.0,23.426000000000002,31.352,28.616000000000003,269.0,264.0,275.0,23.0,0,0,0,1,0
44,21.0,23.46,31.275000000000002,28.675,271.0,267.0,276.0,24.0,0,0,0,1,0
44,22.0,23.436,31.308000000000003,28.955000000000002,275.0,270.0,275.0,25.0,0,0,0,1,0
44,25.0,23.775000000000002,31.362000000000002,28.708000000000002,260.0,259.0,271.0,2.0,0,0,1,0,0
44,26.0,23.796000000000003,31.331000000000003,28.532,264.0,261.0,273.0,3.0,0,0,1,0,0
44,27.0,23.757,31.309,28.604000000000003,261.0,254.0,272.0,4.0,0,0,1,0,0
44,28.0,23.708000000000002,31.119000000000003,28.448,265.0,256.0,272.0,5.0,0,0,1,0,0
44,29.0,23.746000000000002,31.427000000000003,28.515,260.0,254.0,275.0,6.0,0,0,1,0,0
44,30.0,23.57,31.229000000000003,28.544,259.0,258.0,274.0,7.0,0,0,1,0,0
44,31.0,23.580000000000002,31.016000000000002,28.411,267.0,258.0,274.0,8.0,0,0,1,0,0
44,32.0,23.526,31.089000000000002,28.487000000000002,268.0,264.0,274.0,9.0,0,0,1,0,0
44,33.0,23.527,31.072000000000003,28.403000000000002,265.0,265.0,275.0,10.0,0,0,1,0,0
44,34.0,23.467000000000002,30.76,28.431,274.0,269.0,275.0,11.0,0,0,1,0,0
44,35.0,23.334000000000003,30.866000000000003,28.748,268.0,263.0,285.0,12.0,0,0,1,0,0
44,36.0,22.739,31.087000000000003,28.614,270.0,242.0,274.0,13.0,0,0,1,0,0
44,37.0,23.302000000000003,30.869000000000003,28.655,271.0,262.0,277.0,14.0,0,0,1,0,0
44,38.0,23.450000000000003,30.892000000000003,28.16,262.0,268.0,274.0,15.0,0,0,1,0,0
44,39.0,23.224,30.718000000000004,28.331000000000003,271.0,265.0,274.0,16.0,0,0,1,0,0
44,41.0,23.244,30.741000000000003,28.453000000000003,274.0,265.0,275.0,18.0,0,0,1,0,0
44,42.0,23.168000000000003,30.731,28.406000000000002,277.0,265.0,276.0,19.0,0,0,1,0,0
44,43.0,23.096,30.561000000000003,28.472,275.0,262.0,276.0,20.0,0,0,1,0,0
44,44.0,23.015,30.612000000000002,28.514000000000003,276.0,268.0,286.0,21.0,0,0,1,0,0
44,45.0,22.566000000000003,30.578000000000003,28.395000000000003,278.0,271.0,273.0,22.0,0,0,1,0,0
44,46.0,23.157,30.610000000000003,28.297,277.0,261.0,274.0,23.0,0,0,1,0,0
44,48.0,23.091,30.869000000000003,29.103,273.0,254.0,284.0,25.0,0,0,1,0,0
44,49.0,22.918000000000003,30.783,28.253,277.0,267.0,274.0,26.0,0,0,1,0,0
44,52.0,22.424000000000003,30.123,27.727,276.0,261.0,276.0,2.0,0,0,1,0,0
44,53.0,22.950000000000003,30.059,27.883000000000003,278.0,267.0,287.0,3.0,0,0,1,0,0
44,54.0,22.586000000000002,30.157000000000004,28.158,280.0,266.0,271.0,4.0,0,0,1,0,0
44,55.0,23.029,30.194000000000003,27.997000000000003,275.0,264.0,272.0,5.0,0,0,1,0,0
44,56.0,23.163,30.310000000000002,27.973000000000003,277.0,274.0,274.0,6.0,0,0,1,0,0
44,57.0,22.981,30.355,28.162000000000003,276.0,260.0,272.0,7.0,0,0,1,0,0
44,58.0,23.12,30.365000000000002,27.894000000000002,279.0,262.0,273.0,8.0,0,0,1,0,0
44,59.0,22.958000000000002,30.127000000000002,27.879,276.0,267.0,273.0,9.0,0,0,1,0,0
44,61.0,23.16,30.286,27.951,278.0,270.0,274.0,11.0,0,0,1,0,0
44,63.0,22.536,29.627000000000002,27.659000000000002,287.0,277.0,278.0,13.0,0,0,1,0,0
44,64.0,22.923000000000002,30.035,27.914,280.0,274.0,274.0,14.0,0,0,1,0,0
44,66.0,22.862000000000002,30.816000000000003,28.388,273.0,265.0,274.0,16.0,0,0,1,0,0
33,2.0,24.128,31.601000000000003,29.025000000000002,253.0,246.0,273.0,5.0,0,0,0,1,0
33,3.0,24.031000000000002,31.89,28.914,252.0,242.0,273.0,6.0,0,0,0,1,0
33,4.0,23.985000000000003,31.813000000000002,28.798000000000002,254.0,248.0,273.0,7.0,0,0,0,1,0
33,5.0,24.134,31.806,28.681,252.0,246.0,275.0,8.0,0,0,0,1,0
33,6.0,23.8,31.626,28.899,259.0,247.0,274.0,9.0,0,0,0,1,0
33,7.0,23.908,31.616000000000003,28.669,258.0,251.0,274.0,10.0,0,0,0,1,0
33,10.0,23.826,31.452,28.712000000000003,260.0,259.0,273.0,13.0,0,0,0,1,0
33,12.0,23.687,31.342000000000002,28.512,266.0,259.0,273.0,15.0,0,0,0,1,0
33,14.0,23.655,31.232000000000003,28.535,263.0,256.0,273.0,17.0,0,0,0,1,0
33,15.0,23.727,31.379,28.653000000000002,259.0,256.0,274.0,18.0,0,0,0,1,0
33,16.0,23.688000000000002,31.255000000000003,28.625000000000004,264.0,258.0,273.0,19.0,0,0,0,1,0
33,18.0,23.786,31.478,28.825000000000003,261.0,257.0,272.0,21.0,0,0,0,1,0
33,19.0,23.675,31.410000000000004,28.886000000000003,264.0,257.0,274.0,22.0,0,0,0,1,0
33,20.0,23.663,31.637,29.279000000000003,265.0,259.0,273.0,23.0,0,0,0,1,0
33,23.0,23.709000000000003,31.115000000000002,28.135,258.0,253.0,273.0,2.0,0,0,1,0,0
33,25.0,23.716,31.298000000000002,28.610000000000003,260.0,250.0,272.0,4.0,0,0,1,0,0
33,26.0,23.765,31.285000000000004,28.594,259.0,252.0,274.0,5.0,0,0,1,0,0
33,27.0,23.584000000000003,31.183000000000003,28.46,258.0,255.0,274.0,6.0,0,0,1,0,0
33,28.0,23.73,31.213,28.548000000000002,260.0,250.0,274.0,7.0,0,0,1,0,0
33,29.0,23.599,31.231,28.537000000000003,263.0,250.0,276.0,8.0,0,0,1,0,0
33,30.0,23.713,31.198,28.442,260.0,256.0,275.0,9.0,0,0,1,0,0
33,31.0,23.703000000000003,31.078000000000003,28.42,258.0,255.0,273.0,10.0,0,0,1,0,0
33,32.0,23.657,31.026000000000003,28.586000000000002,263.0,251.0,274.0,11.0,0,0,1,0,0
33,33.0,23.53,31.087000000000003,28.489,260.0,254.0,275.0,12.0,0,0,1,0,0
33,34.0,23.628,31.011000000000003,28.474,257.0,254.0,274.0,13.0,0,0,1,0,0
33,35.0,23.543000000000003,30.879,28.474,262.0,251.0,276.0,14.0,0,0,1,0,0
33,36.0,23.561,31.356,28.631,260.0,249.0,275.0,15.0,0,0,1,0,0
33,37.0,23.387,30.918000000000003,29.173000000000002,265.0,262.0,275.0,16.0,0,0,1,0,0
33,38.0,23.777,31.341,28.92,263.0,253.0,270.0,17.0,0,0,1,0,0
33,39.0,23.745,31.144000000000002,28.886000000000003,262.0,253.0,286.0,18.0,0,0,1,0,0
33,40.0,23.344,30.915000000000003,28.837000000000003,265.0,262.0,287.0,19.0,0,0,1,0,0
33,44.0,23.040000000000003,30.681,28.198,269.0,255.0,277.0,3.0,0,0,1,0,0
33,45.0,23.179000000000002,31.055000000000003,28.880000000000003,264.0,250.0,285.0,4.0,0,0,1,0,0
33,46.0,23.0,30.917,28.183000000000003,248.0,250.0,276.0,5.0,0,0,1,0,0
33,47.0,23.259,30.848000000000003,28.502000000000002,264.0,246.0,276.0,6.0,0,0,1,0,0
33,49.0,23.094,30.452,28.186000000000003,269.0,257.0,276.0,8.0,0,0,1,0,0
33,50.0,23.085,30.574,28.252000000000002,266.0,255.0,278.0,9.0,0,0,1,0,0
33,51.0,23.167,30.681,28.558000000000003,271.0,254.0,286.0,10.0,0,0,1,0,0
33,52.0,22.85,30.558000000000003,28.154000000000003,267.0,256.0,278.0,11.0,0,0,1,0,0
33,53.0,23.143,30.369000000000003,27.965000000000003,276.0,258.0,277.0,12.0,0,0,1,0,0
33,54.0,23.007,30.32,28.158,270.0,261.0,274.0,13.0,0,0,1,0,0
33,55.0,23.075000000000003,30.458000000000002,28.319000000000003,273.0,260.0,278.0,14.0,0,0,1,0,0
33,56.0,23.004,30.411,28.223000000000003,277.0,261.0,279.0,15.0,0,0,1,0,0
33,57.0,23.130000000000003,30.498,28.417,274.0,258.0,278.0,16.0,0,0,1,0,0
33,58.0,22.977,30.361,28.441000000000003,277.0,255.0,279.0,17.0,0,0,1,0,0
33,59.0,22.939,30.341,28.290000000000003,276.0,262.0,279.0,18.0,0,0,1,0,0
33,60.0,23.063000000000002,30.861,28.26,273.0,259.0,278.0,19.0,0,0,1,0,0
33,61.0,22.995,30.431,28.478,278.0,260.0,280.0,20.0,0,0,1,0,0
33,63.0,23.053,30.316000000000003,28.340000000000003,271.0,263.0,277.0,22.0,0,0,1,0,0
33,64.0,23.110000000000003,30.458000000000002,28.576,273.0,266.0,277.0,23.0,0,0,1,0,0
33,65.0,23.427000000000003,30.849,28.488000000000003,260.0,260.0,276.0,24.0,0,0,1,0,0
33,66.0,23.605,31.082,28.942,261.0,242.0,245.0,25.0,0,0,1,0,0
44,10.0,30.196,40.861000000000004,23.3,237.0,254.0,277.0,13.0,0,0,1,0,0
44,11.0,30.159000000000002,41.099000000000004,23.232000000000003,239.0,255.0,277.0,14.0,0,0,1,0,0
44,12.0,30.203000000000003,40.907000000000004,23.354000000000003,238.0,254.0,277.0,15.0,0,0,1,0,0
44,14.0,30.242,41.157000000000004,23.386000000000003,239.0,254.0,278.0,17.0,0,0,1,0,0
44,15.0,30.131,41.303000000000004,23.39,238.0,251.0,277.0,18.0,0,0,1,0,0
44,16.0,30.188000000000002,41.224000000000004,23.426000000000002,239.0,256.0,278.0,19.0,0,0,1,0,0
44,17.0,30.311000000000003,41.374,23.411,238.0,255.0,278.0,20.0,0,0,1,0,0
44,18.0,30.184,41.295,23.450000000000003,237.0,256.0,278.0,21.0,0,0,1,0,0
44,21.0,30.384,41.42,23.144000000000002,236.0,251.0,280.0,4.0,0,0,1,0,0
44,22.0,30.14,40.997,23.028000000000002,237.0,254.0,280.0,5.0,0,0,1,0,0
44,23.0,29.712000000000003,40.648,22.977,239.0,256.0,280.0,6.0,0,0,1,0,0
44,24.0,30.060000000000002,41.179,22.915000000000003,237.0,250.0,280.0,7.0,0,0,1,0,0
44,25.0,29.899,40.752,23.102,238.0,256.0,280.0,8.0,0,0,1,0,0
44,26.0,30.002000000000002,41.013000000000005,23.015,237.0,251.0,280.0,9.0,0,0,1,0,0
44,27.0,29.866000000000003,40.724000000000004,23.026,238.0,258.0,280.0,10.0,0,0,1,0,0
44,28.0,29.863000000000003,40.744,23.065,239.0,259.0,280.0,11.0,0,0,1,0,0
44,30.0,29.985000000000003,41.184000000000005,23.343,240.0,257.0,283.0,13.0,0,0,1,0,0
44,31.0,30.059,41.42,23.251,239.0,262.0,280.0,14.0,0,0,1,0,0
44,37.0,29.721,40.321000000000005,22.855,239.0,258.0,281.0,2.0,1,0,0,0,0
44,38.0,29.694000000000003,40.334,22.836000000000002,241.0,262.0,282.0,3.0,1,0,0,0,0
44,40.0,30.136000000000003,40.441,22.948,239.0,264.0,282.0,5.0,1,0,0,0,0
44,41.0,29.665000000000003,40.568000000000005,22.995,241.0,258.0,282.0,6.0,1,0,0,0,0
44,44.0,29.435000000000002,40.588,23.098000000000003,239.0,263.0,282.0,9.0,1,0,0,0,0
44,45.0,29.856,40.787,23.049000000000003,242.0,263.0,281.0,10.0,1,0,0,0,0
44,46.0,29.829,40.593,23.071,241.0,265.0,281.0,11.0,1,0,0,0,0
44,48.0,29.815,40.656000000000006,23.153000000000002,242.0,263.0,281.0,13.0,1,0,0,0,0
44,49.0,29.817,40.720000000000006,23.092000000000002,240.0,262.0,281.0,14.0,1,0,0,0,0
44,50.0,29.818,40.789,23.065,242.0,258.0,282.0,15.0,1,0,0,0,0
44,52.0,29.888,40.859,23.356,243.0,265.0,283.0,17.0,1,0,0,0,0
44,53.0,30.051000000000002,40.88,23.325000000000003,244.0,267.0,283.0,18.0,1,0,0,0,0
44,54.0,30.025000000000002,40.963,23.165000000000003,243.0,263.0,281.0,19.0,1,0,0,0,0
44,55.0,37.098,57.478,32.563,171.0,218.0,213.0,20.0,1,0,0,0,0
33,11.0,30.288,40.949000000000005,23.468,234.0,257.0,282.0,11.0,0,0,1,0,0
33,14.0,30.339000000000002,41.217000000000006,23.644000000000002,235.0,254.0,280.0,14.0,0,0,1,0,0
33,17.0,30.304000000000002,41.38,23.574,236.0,255.0,281.0,17.0,0,0,1,0,0
33,18.0,30.395000000000003,41.791000000000004,23.746000000000002,234.0,256.0,280.0,18.0,0,0,1,0,0
33,19.0,30.482000000000003,41.510000000000005,23.737000000000002,233.0,255.0,280.0,19.0,0,0,1,0,0
33,22.0,29.702,40.291000000000004,23.092000000000002,235.0,257.0,282.0,2.0,1,0,0,0,0
33,25.0,30.051000000000002,40.574000000000005,23.248,234.0,258.0,282.0,5.0,1,0,0,0,0
33,26.0,30.094,40.538000000000004,23.238000000000003,235.0,257.0,282.0,6.0,1,0,0,0,0
33,27.0,30.001,40.552,23.256,237.0,258.0,282.0,7.0,1,0,0,0,0
33,28.0,30.093000000000004,40.654,23.359,235.0,260.0,282.0,8.0,1,0,0,0,0
33,29.0,30.062,40.793,23.468,234.0,257.0,282.0,9.0,1,0,0,0,0
33,30.0,30.089000000000002,40.759,23.477,236.0,259.0,282.0,10.0,1,0,0,0,0
33,31.0,30.201,40.864000000000004,23.486,237.0,257.0,283.0,11.0,1,0,0,0,0
33,33.0,30.270000000000003,41.149,23.568,235.0,259.0,285.0,13.0,1,0,0,0,0
33,36.0,29.597,40.079,22.987000000000002,237.0,262.0,283.0,2.0,1,0,0,0,0
33,38.0,29.858,40.202000000000005,23.025000000000002,236.0,261.0,283.0,4.0,1,0,0,0,0
33,39.0,29.861,40.077000000000005,23.051000000000002,237.0,262.0,284.0,5.0,1,0,0,0,0
33,40.0,29.872000000000003,40.436,23.375,236.0,259.0,297.0,6.0,1,0,0,0,0
33,42.0,29.830000000000002,40.309000000000005,23.078000000000003,237.0,263.0,284.0,8.0,1,0,0,0,0
33,43.0,29.847,40.258,23.297,236.0,263.0,285.0,9.0,1,0,0,0,0
33,44.0,30.069000000000003,40.391000000000005,23.406000000000002,235.0,265.0,287.0,10.0,1,0,0,0,0
33,45.0,30.106,40.71,23.307000000000002,237.0,262.0,285.0,11.0,1,0,0,0,0
33,48.0,29.538,39.631,22.845000000000002,236.0,265.0,290.0,6.0,0,0,1,0,0
33,49.0,29.635,40.089000000000006,22.947000000000003,237.0,262.0,283.0,7.0,0,0,1,0,0
33,50.0,29.709000000000003,39.518,22.864,239.0,267.0,285.0,8.0,0,0,1,0,0
33,51.0,29.821,40.133,22.905,238.0,267.0,283.0,9.0,0,0,1,0,0
33,52.0,29.667,39.662,22.98,239.0,267.0,284.0,10.0,0,0,1,0,0
33,53.0,29.741000000000003,40.080000000000005,23.251,241.0,265.0,296.0,11.0,0,0,1,0,0
33,54.0,29.396,39.608000000000004,23.043000000000003,243.0,266.0,282.0,12.0,0,0,1,0,0
44,2.0,18.017,44.059000000000005,41.448,275.0,279.0,217.0,5.0,0,0,1,0,0
44,6.0,17.984,44.123000000000005,40.89,274.0,286.0,216.0,9.0,0,0,1,0,0
44,7.0,17.873,44.172000000000004,40.988,277.0,289.0,217.0,10.0,0,0,1,0,0
44,8.0,17.791,44.269000000000005,41.009,283.0,286.0,215.0,11.0,0,0,1,0,0
44,9.0,17.984,44.259,41.046,278.0,287.0,215.0,12.0,0,0,1,0,0
44,15.0,17.737000000000002,43.443000000000005,40.767,281.0,276.0,217.0,5.0,1,0,0,0,0
44,16.0,17.781000000000002,43.633,40.695,275.0,281.0,217.0,6.0,1,0,0,0,0
44,17.0,17.805,43.657000000000004,40.644000000000005,276.0,280.0,216.0,7.0,1,0,0,0,0
44,18.0,17.709,43.649,40.461000000000006,279.0,284.0,218.0,8.0,1,0,0,0,0
44,19.0,17.707,43.638000000000005,40.446000000000005,277.0,286.0,218.0,9.0,1,0,0,0,0
44,20.0,17.66,43.582,40.749,279.0,288.0,217.0,10.0,1,0,0,0,0
44,21.0,17.609,43.690000000000005,40.421,275.0,288.0,216.0,11.0,1,0,0,0,0
44,22.0,17.549,43.545,40.506,286.0,289.0,215.0,12.0,1,0,0,0,0
44,23.0,17.651,43.742000000000004,40.611000000000004,277.0,289.0,218.0,13.0,1,0,0,0,0
44,24.0,17.621000000000002,43.714000000000006,40.559000000000005,281.0,290.0,217.0,14.0,1,0,0,0,0
44,25.0,17.556,43.698,40.491,283.0,288.0,217.0,15.0,1,0,0,0,0
44,26.0,17.691000000000003,43.635000000000005,40.653000000000006,281.0,291.0,216.0,16.0,1,0,0,0,0
44,27.0,17.631,43.743,40.660000000000004,278.0,290.0,218.0,17.0,1,0,0,0,0
44,28.0,17.653000000000002,43.574000000000005,40.431000000000004,280.0,292.0,219.0,18.0,1,0,0,0,0
44,29.0,17.57,43.796,40.445,279.0,290.0,216.0,19.0,1,0,0,0,0
44,30.0,17.584,43.561,40.504000000000005,280.0,292.0,218.0,20.0,1,0,0,0,0
44,31.0,17.515,43.987,40.491,286.0,290.0,218.0,21.0,1,0,0,0,0
44,32.0,17.633000000000003,43.564,40.313,278.0,289.0,218.0,22.0,1,0,0,0,0
44,33.0,17.560000000000002,43.669000000000004,40.228,279.0,290.0,218.0,23.0,1,0,0,0,0
44,34.0,17.601000000000003,43.604,40.539,277.0,291.0,218.0,24.0,1,0,0,0,0
44,36.0,17.554000000000002,43.763000000000005,40.372,275.0,289.0,218.0,26.0,1,0,0,0,0
44,37.0,17.562,43.688,40.17,278.0,289.0,219.0,27.0,1,0,0,0,0
44,38.0,17.539,43.643,40.32,281.0,288.0,218.0,28.0,1,0,0,0,0
44,39.0,17.571,43.753,40.128,279.0,289.0,216.0,29.0,1,0,0,0,0
44,40.0,17.528000000000002,43.608000000000004,40.293,287.0,291.0,218.0,30.0,1,0,0,0,0
44,41.0,17.537000000000003,43.651,40.384,282.0,294.0,216.0,31.0,1,0,0,0,0
44,42.0,17.632,43.668,40.311,277.0,294.0,217.0,32.0,1,0,0,0,0
44,44.0,17.578,43.678000000000004,40.374,278.0,294.0,216.0,34.0,1,0,0,0,0
44,45.0,17.504,43.706,40.440000000000005,282.0,295.0,217.0,35.0,1,0,0,0,0
44,46.0,17.52,44.104,40.807,286.0,296.0,215.0,36.0,1,0,0,0,0
44,48.0,17.491,43.794000000000004,40.509,283.0,293.0,217.0,38.0,1,0,0,0,0
44,49.0,17.580000000000002,43.935,40.967000000000006,286.0,294.0,218.0,39.0,1,0,0,0,0
44,50.0,17.627000000000002,43.82,40.532000000000004,281.0,292.0,216.0,40.0,1,0,0,0,0
44,51.0,17.606,43.900000000000006,40.776,283.0,293.0,216.0,41.0,1,0,0,0,0
44,52.0,17.651,43.961000000000006,41.04,280.0,295.0,216.0,42.0,1,0,0,0,0
44,53.0,17.621000000000002,43.870000000000005,41.501000000000005,281.0,293.0,213.0,43.0,1,0,0,0,0
44,54.0,17.785,43.752,40.546,284.0,296.0,218.0,44.0,1,0,0,0,0
44,55.0,17.573,43.974000000000004,41.118,280.0,291.0,201.0,45.0,1,0,0,0,0
33,2.0,18.014,43.728,40.550000000000004,270.0,273.0,218.0,5.0,0,0,1,0,0
33,4.0,18.028000000000002,43.938,40.484,265.0,268.0,217.0,7.0,0,0,1,0,0
33,5.0,18.009,44.044000000000004,40.599000000000004,271.0,271.0,217.0,8.0,0,0,1,0,0
33,6.0,18.013,44.034000000000006,40.515,267.0,268.0,217.0,9.0,0,0,1,0,0
33,7.0,18.001,44.043,40.607,268.0,267.0,218.0,10.0,0,0,1,0,0
33,8.0,17.992,43.957,40.557,271.0,271.0,218.0,11.0,0,0,1,0,0
33,9.0,17.999000000000002,44.046,40.416000000000004,269.0,269.0,218.0,12.0,0,0,1,0,0
33,15.0,17.8,43.432,39.921,271.0,277.0,220.0,5.0,1,0,0,0,0
33,17.0,17.877000000000002,43.649,40.045,273.0,272.0,218.0,7.0,1,0,0,0,0
33,19.0,17.782,43.554,40.087,271.0,278.0,220.0,9.0,1,0,0,0,0
33,20.0,17.939,43.613,40.008,273.0,278.0,219.0,10.0,1,0,0,0,0
33,21.0,17.828,43.565000000000005,40.069,274.0,279.0,219.0,11.0,1,0,0,0,0
33,26.0,17.759,43.503,40.095000000000006,275.0,288.0,221.0,16.0,1,0,0,0,0
33,27.0,17.746000000000002,43.489000000000004,40.127,276.0,288.0,217.0,17.0,1,0,0,0,0
33,29.0,17.740000000000002,43.535000000000004,40.216,275.0,290.0,220.0,19.0,1,0,0,0,0
33,30.0,17.693,43.414,40.189,278.0,291.0,220.0,20.0,1,0,0,0,0
33,31.0,17.736,43.356,40.189,277.0,292.0,220.0,21.0,1,0,0,0,0
33,32.0,17.725,43.482,40.047000000000004,275.0,290.0,220.0,22.0,1,0,0,0,0
33,33.0,17.68,43.456,40.026,276.0,291.0,221.0,23.0,1,0,0,0,0
33,35.0,17.649,43.711000000000006,40.095000000000006,280.0,291.0,219.0,25.0,1,0,0,0,0
33,36.0,17.673000000000002,43.612,40.28,277.0,292.0,220.0,26.0,1,0,0,0,0
33,37.0,17.684,43.480000000000004,40.561,279.0,292.0,218.0,27.0,1,0,0,0,0
33,38.0,17.603,43.571000000000005,40.945,281.0,289.0,221.0,28.0,1,0,0,0,0
33,39.0,17.725,43.477000000000004,40.132000000000005,275.0,290.0,221.0,29.0,1,0,0,0,0
33,40.0,17.634,43.437000000000005,40.157000000000004,277.0,292.0,220.0,30.0,1,0,0,0,0
33,41.0,17.702,43.327000000000005,40.151,278.0,294.0,220.0,31.0,1,0,0,0,0
33,43.0,17.617,43.393,40.559000000000005,282.0,292.0,221.0,33.0,1,0,0,0,0
33,44.0,17.608,43.486000000000004,40.452000000000005,277.0,288.0,218.0,34.0,1,0,0,0,0
33,45.0,17.564,43.411,40.646,279.0,295.0,220.0,35.0,1,0,0,0,0
33,46.0,17.580000000000002,43.315000000000005,40.472,282.0,310.0,219.0,36.0,1,0,0,0,0
33,47.0,17.637,43.567,40.446000000000005,278.0,294.0,220.0,37.0,1,0,0,0,0
33,48.0,17.611,43.418,40.953,281.0,295.0,220.0,38.0,1,0,0,0,0
33,50.0,17.692,43.548,40.565000000000005,279.0,295.0,222.0,40.0,1,0,0,0,0
33,51.0,17.717000000000002,43.461000000000006,40.660000000000004,281.0,291.0,220.0,41.0,1,0,0,0,0
33,52.0,17.722,43.346000000000004,40.429,283.0,286.0,222.0,42.0,1,0,0,0,0
33,53.0,17.745,43.534000000000006,40.317,277.0,291.0,221.0,43.0,1,0,0,0,0
33,54.0,17.628,43.35,40.648,280.0,292.0,221.0,44.0,1,0,0,0,0
33,55.0,17.616,43.96,40.606,282.0,289.0,216.0,45.0,1,0,0,0,0
44,2.0,31.804000000000002,48.800000000000004,29.638,304.0,201.0,217.0,5.0,0,0,1,0,0
44,3.0,31.865000000000002,48.475,29.733,301.0,200.0,216.0,6.0,0,0,1,0,0
44,5.0,31.729000000000003,48.134,29.607000000000003,305.0,201.0,217.0,8.0,0,0,1,0,0
44,6.0,31.8,48.614000000000004,29.703000000000003,302.0,202.0,217.0,9.0,0,0,1,0,0
44,7.0,31.846000000000004,48.376000000000005,29.699,304.0,199.0,217.0,10.0,0,0,1,0,0
44,16.0,31.775000000000002,47.197,29.275000000000002,298.0,206.0,219.0,5.0,1,0,0,0,0
44,17.0,31.627000000000002,47.182,29.356,302.0,205.0,219.0,6.0,1,0,0,0,0
44,18.0,31.678,47.306000000000004,29.486,303.0,204.0,218.0,7.0,1,0,0,0,0
44,19.0,31.687,47.139,29.499000000000002,306.0,204.0,218.0,8.0,1,0,0,0,0
44,21.0,31.778000000000002,47.367000000000004,29.447000000000003,303.0,205.0,217.0,10.0,1,0,0,0,0
44,22.0,31.720000000000002,47.605000000000004,29.454,307.0,203.0,218.0,11.0,1,0,0,0,0
44,23.0,31.718000000000004,47.343,29.488000000000003,306.0,204.0,218.0,12.0,1,0,0,0,0
44,25.0,31.684,47.127,29.508000000000003,304.0,202.0,219.0,14.0,1,0,0,0,0
44,26.0,31.505000000000003,46.997,29.349,308.0,202.0,220.0,15.0,1,0,0,0,0
44,27.0,31.618000000000002,47.278000000000006,29.378,303.0,205.0,218.0,16.0,1,0,0,0,0
44,28.0,31.517000000000003,46.953,29.288,305.0,206.0,221.0,17.0,1,0,0,0,0
44,29.0,31.580000000000002,47.052,29.332,304.0,205.0,221.0,18.0,1,0,0,0,0
44,30.0,31.551000000000002,47.27,29.355,303.0,205.0,220.0,19.0,1,0,0,0,0
44,31.0,31.593000000000004,47.843,29.42,304.0,206.0,220.0,20.0,1,0,0,0,0
44,32.0,31.753000000000004,47.14,29.418000000000003,303.0,205.0,220.0,21.0,1,0,0,0,0
44,34.0,31.733,47.158,29.590000000000003,304.0,207.0,219.0,23.0,1,0,0,0,0
44,35.0,31.709000000000003,47.02,29.379,305.0,206.0,220.0,24.0,1,0,0,0,0
44,36.0,31.611,47.216,29.489,304.0,206.0,221.0,25.0,1,0,0,0,0
44,37.0,31.638,47.072,30.494000000000003,305.0,206.0,200.0,26.0,1,0,0,0,0
44,38.0,32.026,47.410000000000004,29.484,309.0,205.0,221.0,27.0,1,0,0,0,0
44,39.0,31.703000000000003,47.299,29.519000000000002,305.0,204.0,221.0,28.0,1,0,0,0,0
44,40.0,31.666,47.6,29.611,307.0,206.0,222.0,29.0,1,0,0,0,0
44,41.0,31.629,48.595000000000006,29.636000000000003,303.0,206.0,219.0,30.0,1,0,0,0,0
44,42.0,31.801000000000002,49.614000000000004,29.983,300.0,201.0,219.0,31.0,1,0,0,0,0
44,43.0,31.87,48.091,29.635,304.0,206.0,220.0,32.0,1,0,0,0,0
33,2.0,31.726000000000003,49.267,29.621000000000002,309.0,196.0,218.0,5.0,0,0,1,0,0
33,3.0,31.742,48.888000000000005,29.705000000000002,307.0,200.0,217.0,6.0,0,0,1,0,0
33,4.0,31.755000000000003,49.155,29.658,310.0,197.0,218.0,7.0,0,0,1,0,0
33,7.0,31.737000000000002,48.983000000000004,29.627000000000002,312.0,198.0,218.0,10.0,0,0,1,0,0
33,8.0,31.762,48.793000000000006,29.57,311.0,197.0,218.0,11.0,0,0,1,0,0
33,10.0,31.976000000000003,48.993,29.792,310.0,198.0,218.0,13.0,0,0,1,0,0
33,16.0,31.316000000000003,48.194,29.104000000000003,315.0,203.0,221.0,5.0,1,0,0,0,0
33,17.0,31.465000000000003,47.972,29.247000000000003,312.0,203.0,221.0,6.0,1,0,0,0,0
33,18.0,31.431,47.876000000000005,29.296000000000003,314.0,203.0,220.0,7.0,1,0,0,0,0
33,19.0,31.39,48.06,29.254,316.0,203.0,220.0,8.0,1,0,0,0,0
33,21.0,31.378000000000004,48.228,29.299000000000003,317.0,200.0,220.0,10.0,1,0,0,0,0
33,22.0,31.467000000000002,48.074000000000005,29.269000000000002,316.0,203.0,221.0,11.0,1,0,0,0,0
33,23.0,31.454,47.895,29.242,314.0,202.0,220.0,12.0,1,0,0,0,0
33,24.0,31.383000000000003,47.968,29.267000000000003,316.0,203.0,218.0,13.0,1,0,0,0,0
33,25.0,31.375000000000004,48.04600000000001,29.273000000000003,315.0,202.0,221.0,14.0,1,0,0,0,0
33,27.0,31.359,47.754000000000005,29.192,314.0,204.0,221.0,16.0,1,0,0,0,0
33,28.0,31.364,47.724000000000004,29.360000000000003,315.0,201.0,222.0,17.0,1,0,0,0,0
33,29.0,31.507,47.813,29.242,309.0,202.0,221.0,18.0,1,0,0,0,0
33,30.0,31.511000000000003,47.889,29.348000000000003,311.0,199.0,221.0,19.0,1,0,0,0,0
33,32.0,31.728,47.745000000000005,29.356,310.0,201.0,221.0,21.0,1,0,0,0,0
33,33.0,31.584000000000003,47.861000000000004,29.331000000000003,309.0,203.0,221.0,22.0,1,0,0,0,0
33,34.0,31.622000000000003,47.998000000000005,29.374000000000002,308.0,202.0,222.0,23.0,1,0,0,0,0
33,35.0,31.525000000000002,47.817,29.44,312.0,200.0,222.0,24.0,1,0,0,0,0
33,36.0,31.718000000000004,48.016000000000005,29.642000000000003,307.0,201.0,222.0,25.0,1,0,0,0,0
33,37.0,31.608,48.054,29.553,310.0,201.0,221.0,26.0,1,0,0,0,0
33,38.0,31.635,48.023,29.488000000000003,311.0,200.0,222.0,27.0,1,0,0,0,0
33,39.0,31.601000000000003,48.253,29.797,310.0,198.0,221.0,28.0,1,0,0,0,0
33,40.0,31.758000000000003,48.682,29.606,309.0,198.0,223.0,29.0,1,0,0,0,0
33,41.0,31.662000000000003,48.785000000000004,29.633000000000003,306.0,197.0,223.0,30.0,1,0,0,0,0
33,42.0,31.838,48.581,29.699,309.0,199.0,223.0,31.0,1,0,0,0,0
33,43.0,31.771,49.079,29.661,307.0,201.0,222.0,32.0,1,0,0,0,0
33,44.0,31.958000000000002,50.058,29.933000000000003,309.0,192.0,207.0,33.0,1,0,0,0,0
44,7.0,29.182000000000002,36.873000000000005,25.088,285.0,254.0,250.0,10.0,0,0,1,0,0
44,8.0,29.172,36.887,24.884,286.0,254.0,251.0,11.0,0,0,1,0,0
44,10.0,29.263,36.675000000000004,24.900000000000002,288.0,256.0,251.0,13.0,0,0,1,0,0
44,11.0,29.262,36.662,24.979000000000003,286.0,255.0,251.0,14.0,0,0,1,0,0
44,12.0,29.204,36.632000000000005,24.869,288.0,257.0,252.0,15.0,0,0,1,0,0
44,20.0,29.004,36.568000000000005,24.799000000000003,279.0,258.0,252.0,7.0,1,0,0,0,0
44,21.0,29.091,36.452000000000005,24.645000000000003,284.0,258.0,252.0,8.0,1,0,0,0,0
44,22.0,29.197000000000003,36.39,24.737000000000002,280.0,259.0,252.0,9.0,1,0,0,0,0
44,23.0,29.027,36.151,24.634,283.0,259.0,252.0,10.0,1,0,0,0,0
44,24.0,29.134,36.277,24.716,286.0,259.0,252.0,11.0,1,0,0,0,0
44,26.0,29.015,36.539,24.608,288.0,258.0,251.0,13.0,1,0,0,0,0
44,28.0,29.142000000000003,36.545,24.579,285.0,259.0,251.0,15.0,1,0,0,0,0
44,29.0,29.023000000000003,36.35,24.706000000000003,287.0,259.0,252.0,16.0,1,0,0,0,0
44,30.0,28.916,36.191,24.605,288.0,260.0,252.0,17.0,1,0,0,0,0
44,32.0,28.892000000000003,36.32,24.783,287.0,259.0,252.0,19.0,1,0,0,0,0
44,33.0,28.888,36.019000000000005,24.419,288.0,260.0,252.0,20.0,1,0,0,0,0
44,35.0,28.948,36.173,24.572000000000003,284.0,260.0,252.0,22.0,1,0,0,0,0
44,36.0,28.942,36.084,24.662000000000003,283.0,258.0,252.0,23.0,1,0,0,0,0
44,37.0,28.959000000000003,36.098,24.606,287.0,260.0,251.0,24.0,1,0,0,0,0
44,40.0,28.731,35.997,24.554000000000002,291.0,262.0,253.0,27.0,1,0,0,0,0
44,41.0,28.673000000000002,36.122,24.459000000000003,289.0,263.0,253.0,28.0,1,0,0,0,0
44,42.0,28.707,36.062000000000005,24.5,288.0,262.0,253.0,29.0,1,0,0,0,0
44,43.0,28.827,36.097,24.601000000000003,289.0,262.0,253.0,30.0,1,0,0,0,0
44,44.0,28.837000000000003,35.99,24.537000000000003,286.0,261.0,253.0,31.0,1,0,0,0,0
44,45.0,28.740000000000002,35.988,24.51,285.0,262.0,254.0,32.0,1,0,0,0,0
44,47.0,28.908,35.983000000000004,24.564,284.0,261.0,254.0,34.0,1,0,0,0,0
44,48.0,28.951,36.306000000000004,24.564,285.0,255.0,254.0,35.0,1,0,0,0,0
44,49.0,28.844,36.511,24.765,287.0,257.0,253.0,36.0,1,0,0,0,0
44,50.0,28.859,36.863,25.359,285.0,255.0,251.0,37.0,1,0,0,0,0
44,52.0,29.474,53.526,32.484,280.0,213.0,183.0,39.0,1,0,0,0,0
33,7.0,29.292,37.194,25.532,282.0,255.0,250.0,10.0,0,0,1,0,0
33,8.0,29.192,36.89,25.292,281.0,255.0,251.0,11.0,0,0,1,0,0
33,9.0,29.273000000000003,36.864000000000004,25.323,284.0,256.0,250.0,12.0,0,0,1,0,0
33,10.0,29.150000000000002,36.872,25.121000000000002,285.0,256.0,251.0,13.0,0,0,1,0,0
33,20.0,29.093000000000004,36.769000000000005,25.234,281.0,255.0,252.0,7.0,1,0,0,0,0
33,21.0,29.164,36.769000000000005,24.897000000000002,285.0,258.0,252.0,8.0,1,0,0,0,0
33,23.0,29.225,36.510000000000005,25.011000000000003,286.0,258.0,253.0,10.0,1,0,0,0,0
33,24.0,29.438000000000002,36.578,25.014000000000003,284.0,257.0,251.0,11.0,1,0,0,0,0
33,25.0,29.153000000000002,36.397000000000006,24.826,285.0,259.0,252.0,12.0,1,0,0,0,0
33,26.0,29.063000000000002,36.461000000000006,24.891000000000002,286.0,259.0,252.0,13.0,1,0,0,0,0
33,27.0,29.007,36.539,25.071,285.0,258.0,252.0,14.0,1,0,0,0,0
33,28.0,29.054000000000002,36.453,24.94,286.0,261.0,253.0,15.0,1,0,0,0,0
33,31.0,28.899,36.379000000000005,24.708000000000002,285.0,262.0,253.0,18.0,1,0,0,0,0
33,32.0,28.861,36.400000000000006,24.84,286.0,261.0,254.0,19.0,1,0,0,0,0
33,33.0,28.810000000000002,36.231,24.76,287.0,261.0,254.0,20.0,1,0,0,0,0
33,34.0,28.789,36.306000000000004,24.688000000000002,283.0,262.0,254.0,21.0,1,0,0,0,0
33,35.0,28.987000000000002,36.234,24.959000000000003,282.0,260.0,254.0,22.0,1,0,0,0,0
33,36.0,28.846,36.233000000000004,24.838,283.0,260.0,255.0,23.0,1,0,0,0,0
33,37.0,28.935000000000002,36.233000000000004,24.897000000000002,285.0,261.0,254.0,24.0,1,0,0,0,0
33,38.0,28.831000000000003,36.426,24.983,288.0,261.0,255.0,25.0,1,0,0,0,0
33,41.0,28.519000000000002,36.008,24.543000000000003,289.0,264.0,254.0,28.0,1,0,0,0,0
33,42.0,28.691000000000003,36.127,24.571,287.0,263.0,254.0,29.0,1,0,0,0,0
33,43.0,28.901000000000003,36.054,24.864,289.0,262.0,254.0,30.0,1,0,0,0,0
33,44.0,28.875000000000004,35.972,24.824,286.0,263.0,255.0,31.0,1,0,0,0,0
33,45.0,28.836000000000002,35.926,24.593,283.0,262.0,256.0,32.0,1,0,0,0,0
33,47.0,28.962000000000003,35.972,24.794,284.0,261.0,255.0,34.0,1,0,0,0,0
33,52.0,28.033,35.017,24.047,291.0,265.0,256.0,5.0,0,0,0,1,0
44,8.0,29.923000000000002,33.283,31.385,194.0,242.0,268.0,8.0,0,1,0,0,0
44,9.0,29.031000000000002,31.911,30.360000000000003,193.0,244.0,270.0,9.0,0,1,0,0,0
44,10.0,28.587000000000003,31.518,29.995,196.0,246.0,270.0,10.0,0,1,0,0,0
44,11.0,28.03,31.099,29.595000000000002,198.0,247.0,271.0,11.0,0,1,0,0,0
44,12.0,27.923000000000002,30.667,30.002000000000002,203.0,249.0,271.0,12.0,0,1,0,0,0
44,14.0,27.474,30.968000000000004,29.587000000000003,199.0,246.0,272.0,14.0,0,1,0,0,0
44,15.0,27.333000000000002,30.542,29.197000000000003,204.0,247.0,272.0,15.0,0,1,0,0,0
44,17.0,27.91,30.916,28.675,203.0,249.0,273.0,17.0,0,1,0,0,0
44,18.0,27.435000000000002,30.496000000000002,28.709000000000003,201.0,251.0,272.0,18.0,0,1,0,0,0
44,19.0,27.501,30.649,28.871000000000002,204.0,251.0,274.0,19.0,0,1,0,0,0
44,20.0,27.305000000000003,30.735000000000003,28.919,202.0,252.0,275.0,20.0,0,1,0,0,0
44,21.0,27.828000000000003,30.992,29.463,195.0,253.0,276.0,21.0,0,1,0,0,0
44,22.0,28.378,31.139000000000003,29.76,196.0,252.0,276.0,22.0,0,1,0,0,0
44,23.0,27.798000000000002,31.556,29.067,199.0,247.0,275.0,23.0,0,1,0,0,0
44,24.0,28.344,30.816000000000003,28.979000000000003,204.0,253.0,274.0,24.0,0,1,0,0,0
44,25.0,27.618000000000002,32.594,28.630000000000003,199.0,252.0,274.0,25.0,0,1,0,0,0
44,26.0,27.911,30.771,28.391000000000002,174.0,252.0,276.0,26.0,0,1,0,0,0
44,27.0,27.332,31.175,28.452,203.0,254.0,273.0,27.0,0,1,0,0,0
44,30.0,26.478,28.798000000000002,27.862000000000002,211.0,255.0,290.0,6.0,0,0,1,0,0
44,35.0,30.892000000000003,29.677000000000003,27.895000000000003,205.0,258.0,279.0,3.0,0,0,1,0,0
44,36.0,27.398000000000003,28.357000000000003,27.463,207.0,257.0,279.0,4.0,0,0,1,0,0
44,37.0,26.331000000000003,27.908,26.733,212.0,255.0,280.0,5.0,0,0,1,0,0
44,38.0,26.698,28.071,26.675,207.0,256.0,285.0,6.0,0,0,1,0,0
44,39.0,25.932000000000002,27.290000000000003,26.257,213.0,254.0,279.0,7.0,0,0,1,0,0
44,40.0,25.817,27.310000000000002,26.176000000000002,217.0,257.0,281.0,8.0,0,0,1,0,0
44,41.0,25.686,27.258000000000003,26.262,216.0,260.0,289.0,9.0,0,0,1,0,0
44,42.0,24.866000000000003,27.174000000000003,26.292,218.0,253.0,279.0,10.0,0,0,1,0,0
44,43.0,25.457,27.040000000000003,26.151000000000003,219.0,257.0,280.0,11.0,0,0,1,0,0
44,44.0,25.305000000000003,27.007,26.303,221.0,260.0,281.0,12.0,0,0,1,0,0
44,45.0,25.413,27.082,26.221,219.0,261.0,280.0,13.0,0,0,1,0,0
44,46.0,25.159000000000002,26.872000000000003,26.375,224.0,261.0,280.0,14.0,0,0,1,0,0
44,47.0,25.173000000000002,27.26,26.105,221.0,259.0,281.0,15.0,0,0,1,0,0
44,48.0,25.643,26.984,26.241000000000003,223.0,261.0,287.0,16.0,0,0,1,0,0
44,49.0,25.894000000000002,27.090000000000003,26.17,221.0,262.0,290.0,17.0,0,0,1,0,0
44,50.0,24.685000000000002,27.024,26.149,219.0,258.0,285.0,18.0,0,0,1,0,0
44,51.0,25.109,27.176000000000002,26.227,223.0,261.0,291.0,19.0,0,0,1,0,0
44,52.0,25.28,27.449,26.272000000000002,216.0,260.0,292.0,20.0,0,0,1,0,0
44,53.0,25.235000000000003,27.262,26.308000000000003,220.0,259.0,291.0,21.0,0,0,1,0,0
44,55.0,24.654,27.074,26.222,221.0,259.0,281.0,23.0,0,0,1,0,0
44,56.0,25.328000000000003,27.052000000000003,26.125,225.0,261.0,288.0,24.0,0,0,1,0,0
44,57.0,25.261000000000003,27.020000000000003,26.341,219.0,259.0,289.0,25.0,0,0,1,0,0
44,58.0,25.41,27.279000000000003,26.268,217.0,257.0,288.0,26.0,0,0,1,0,0
44,59.0,25.298000000000002,27.051000000000002,26.185000000000002,219.0,259.0,288.0,27.0,0,0,1,0,0
44,60.0,24.446,26.527,25.729000000000003,227.0,260.0,277.0,28.0,0,0,1,0,0
44,61.0,25.385,27.310000000000002,26.129,221.0,259.0,278.0,29.0,0,0,1,0,0
44,62.0,25.578000000000003,27.12,26.089000000000002,220.0,257.0,279.0,30.0,0,0,1,0,0
44,63.0,25.045,27.054000000000002,25.939,223.0,260.0,278.0,31.0,0,0,1,0,0
33,8.0,29.970000000000002,32.208000000000006,30.747000000000003,194.0,244.0,265.0,8.0,0,1,0,0,0
33,9.0,29.321,31.407000000000004,30.225,198.0,246.0,266.0,9.0,0,1,0,0,0
33,10.0,28.895000000000003,31.269000000000002,29.966,202.0,244.0,266.0,10.0,0,1,0,0,0
33,11.0,28.656000000000002,30.869000000000003,29.643,204.0,247.0,267.0,11.0,0,1,0,0,0
33,13.0,28.166,30.618000000000002,29.335,203.0,245.0,270.0,13.0,0,1,0,0,0
33,14.0,28.079,30.501,29.16,204.0,247.0,268.0,14.0,0,1,0,0,0
33,15.0,27.948,30.175,28.936000000000003,205.0,250.0,269.0,15.0,0,1,0,0,0
33,16.0,27.790000000000003,30.069000000000003,28.738000000000003,203.0,251.0,269.0,16.0,0,1,0,0,0
33,17.0,27.799000000000003,30.468000000000004,28.338,204.0,251.0,272.0,17.0,0,1,0,0,0
33,19.0,28.124000000000002,30.508000000000003,28.436000000000003,200.0,253.0,271.0,19.0,0,1,0,0,0
33,20.0,27.941000000000003,30.560000000000002,28.596,202.0,253.0,275.0,20.0,0,1,0,0,0
33,21.0,28.551000000000002,31.092000000000002,28.983,199.0,252.0,271.0,21.0,0,1,0,0,0
33,22.0,28.469,30.999000000000002,28.789,200.0,253.0,273.0,22.0,0,1,0,0,0
33,23.0,28.866000000000003,31.371000000000002,29.295,199.0,252.0,272.0,23.0,0,1,0,0,0
33,24.0,28.753,31.896,29.145000000000003,198.0,250.0,272.0,24.0,0,1,0,0,0
33,25.0,28.465000000000003,31.395000000000003,29.107000000000003,204.0,252.0,272.0,25.0,0,1,0,0,0
33,26.0,28.321,31.073,28.788,203.0,250.0,273.0,26.0,0,1,0,0,0
33,29.0,27.282,29.108,27.779000000000003,212.0,251.0,277.0,2.0,0,0,1,0,0
33,30.0,27.369000000000003,30.437,28.627000000000002,210.0,252.0,275.0,3.0,0,0,1,0,0
33,31.0,26.776000000000003,28.838,27.340000000000003,212.0,246.0,272.0,4.0,0,0,1,0,0
33,35.0,28.192,28.417,27.134,212.0,247.0,269.0,7.0,0,0,1,0,0
33,36.0,26.665000000000003,27.652,26.689,215.0,247.0,271.0,8.0,0,0,1,0,0
33,38.0,26.03,27.341,26.355,220.0,248.0,272.0,10.0,0,0,1,0,0
33,40.0,25.767000000000003,27.091,26.077,222.0,249.0,273.0,12.0,0,0,1,0,0
33,41.0,25.672,27.040000000000003,26.074,223.0,250.0,273.0,13.0,0,0,1,0,0
33,43.0,25.467000000000002,26.96,26.102,224.0,250.0,274.0,15.0,0,0,1,0,0
33,45.0,25.325000000000003,26.905,26.054000000000002,225.0,250.0,274.0,17.0,0,0,1,0,0
33,46.0,25.221,26.826,25.964000000000002,226.0,251.0,274.0,18.0,0,0,1,0,0
33,47.0,25.323,26.840000000000003,25.998,224.0,252.0,274.0,19.0,0,0,1,0,0
33,48.0,25.247,26.792,26.048000000000002,225.0,253.0,275.0,20.0,0,0,1,0,0
33,49.0,25.296000000000003,26.824,26.051000000000002,226.0,253.0,278.0,21.0,0,0,1,0,0
33,51.0,25.341,26.856,25.961000000000002,225.0,251.0,276.0,23.0,0,0,1,0,0
33,52.0,25.175,26.843,25.945,227.0,252.0,276.0,24.0,0,0,1,0,0
33,53.0,25.205000000000002,26.836000000000002,25.896,225.0,251.0,276.0,25.0,0,0,1,0,0
33,54.0,25.114,26.761000000000003,25.891000000000002,227.0,252.0,277.0,26.0,0,0,1,0,0
33,55.0,25.169,26.736,25.898000000000003,225.0,254.0,277.0,27.0,0,0,1,0,0
33,56.0,25.112000000000002,26.759,26.038,228.0,254.0,278.0,28.0,0,0,1,0,0
33,57.0,25.276,27.051000000000002,26.069000000000003,224.0,253.0,276.0,29.0,0,0,1,0,0
33,58.0,25.155,26.754,26.123,226.0,254.0,276.0,30.0,0,0,1,0,0
33,59.0,24.990000000000002,26.799000000000003,26.204,228.0,252.0,276.0,31.0,0,0,1,0,0
33,60.0,24.986,26.641000000000002,25.897000000000002,229.0,255.0,277.0,32.0,0,0,1,0,0
33,61.0,25.035,26.831000000000003,26.395000000000003,226.0,253.0,277.0,33.0,0,0,1,0,0
33,62.0,24.871000000000002,26.698,25.957,230.0,256.0,280.0,34.0,0,0,1,0,0
33,63.0,25.114,26.703000000000003,26.155,228.0,254.0,268.0,35.0,0,0,1,0,0
44,2.0,23.839000000000002,31.586000000000002,28.373,274.0,271.0,273.0,6.0,0,0,0,1,0
44,3.0,23.645000000000003,31.473000000000003,28.307000000000002,272.0,276.0,273.0,7.0,0,0,0,1,0
44,4.0,23.387,31.352,28.199,268.0,272.0,274.0,8.0,0,0,0,1,0
44,5.0,23.483,31.437,28.198,273.0,268.0,274.0,9.0,0,0,0,1,0
44,6.0,23.386000000000003,31.342000000000002,28.334000000000003,272.0,276.0,275.0,10.0,0,0,0,1,0
44,7.0,23.374000000000002,31.594,28.293000000000003,274.0,274.0,276.0,11.0,0,0,0,1,0
44,12.0,23.490000000000002,31.608,28.317,268.0,268.0,277.0,16.0,0,0,0,1,0
44,13.0,23.396,31.398000000000003,28.244000000000003,278.0,280.0,277.0,17.0,0,0,0,1,0
44,14.0,23.391000000000002,31.526000000000003,28.263,275.0,273.0,277.0,18.0,0,0,0,1,0
44,15.0,23.433,31.602,28.274,278.0,270.0,276.0,19.0,0,0,0,1,0
44,16.0,23.356,31.511000000000003,28.383000000000003,275.0,273.0,277.0,20.0,0,0,0,1,0
44,18.0,23.437,31.622000000000003,28.259,278.0,273.0,277.0,22.0,0,0,0,1,0
44,19.0,23.429000000000002,31.636000000000003,28.342000000000002,277.0,280.0,276.0,23.0,0,0,0,1,0
44,20.0,23.449,31.695,28.415000000000003,280.0,278.0,275.0,24.0,0,0,0,1,0
44,21.0,23.41,31.448,28.309,281.0,284.0,276.0,25.0,0,0,0,1,0
44,22.0,23.459000000000003,31.513,28.351000000000003,282.0,283.0,277.0,26.0,0,0,0,1,0
44,23.0,23.474,31.547,28.555000000000003,281.0,283.0,284.0,27.0,0,0,0,1,0
44,24.0,23.599,31.71,29.201,278.0,280.0,282.0,28.0,0,0,0,1,0
44,25.0,23.064,31.608,28.612000000000002,281.0,281.0,277.0,29.0,0,0,0,1,0
44,26.0,23.596,31.653000000000002,28.415000000000003,279.0,279.0,275.0,30.0,0,0,0,1,0
44,30.0,23.206000000000003,30.658,27.412000000000003,275.0,276.0,275.0,2.0,0,0,1,0,0
44,32.0,23.102,30.749000000000002,27.552000000000003,277.0,276.0,277.0,4.0,0,0,1,0,0
44,33.0,23.080000000000002,30.726000000000003,27.703000000000003,281.0,283.0,279.0,5.0,0,0,1,0,0
44,34.0,22.967000000000002,30.784000000000002,27.761000000000003,282.0,285.0,279.0,6.0,0,0,1,0,0
44,35.0,23.042,30.668000000000003,27.758000000000003,284.0,290.0,287.0,7.0,0,0,1,0,0
44,36.0,22.901,30.952,27.873,282.0,282.0,280.0,8.0,0,0,1,0,0
44,37.0,22.950000000000003,30.848000000000003,27.807000000000002,276.0,283.0,288.0,9.0,0,0,1,0,0
44,38.0,22.862000000000002,31.261000000000003,27.913,280.0,279.0,280.0,10.0,0,0,1,0,0
44,39.0,23.053,30.945,28.041,272.0,285.0,280.0,11.0,0,0,1,0,0
44,40.0,22.919,30.953000000000003,27.906000000000002,284.0,284.0,287.0,12.0,0,0,1,0,0
44,41.0,22.87,30.878000000000004,27.949,283.0,288.0,289.0,13.0,0,0,1,0,0
44,44.0,22.881,30.628000000000004,27.266000000000002,281.0,284.0,277.0,8.0,0,0,1,0,0
44,45.0,22.938000000000002,30.396,27.394000000000002,277.0,279.0,277.0,9.0,0,0,1,0,0
44,46.0,22.925,30.377000000000002,27.428,280.0,281.0,279.0,10.0,0,0,1,0,0
44,47.0,22.857000000000003,30.610000000000003,27.881,282.0,282.0,288.0,11.0,0,0,1,0,0
44,48.0,22.556,30.746000000000002,27.968,281.0,281.0,279.0,12.0,0,0,1,0,0
44,49.0,22.978,30.448,27.729000000000003,277.0,281.0,280.0,13.0,0,0,1,0,0
44,50.0,22.924000000000003,30.614,27.456000000000003,280.0,278.0,279.0,14.0,0,0,1,0,0
44,52.0,23.105,31.328000000000003,28.237000000000002,281.0,268.0,278.0,16.0,0,0,1,0,0
44,54.0,22.386000000000003,30.679000000000002,27.6,277.0,280.0,280.0,18.0,0,0,1,0,0
44,55.0,23.043000000000003,30.388,27.356,280.0,284.0,278.0,19.0,0,0,1,0,0
44,57.0,22.892000000000003,30.665000000000003,27.349,283.0,281.0,278.0,21.0,0,0,1,0,0
44,58.0,22.881,30.571,27.479000000000003,281.0,280.0,280.0,22.0,0,0,1,0,0
44,59.0,22.861,30.445,28.215000000000003,283.0,287.0,288.0,23.0,0,0,1,0,0
44,60.0,23.334000000000003,31.154000000000003,27.717000000000002,276.0,267.0,278.0,24.0,0,0,1,0,0
44,61.0,23.004,30.534000000000002,27.569000000000003,282.0,265.0,279.0,25.0,0,0,1,0,0
44,62.0,23.101000000000003,30.744000000000003,27.791,279.0,273.0,278.0,26.0,0,0,1,0,0
44,63.0,23.147000000000002,30.8,27.758000000000003,280.0,276.0,280.0,27.0,0,0,1,0,0
44,65.0,23.276,31.039,27.67,278.0,274.0,279.0,29.0,0,0,1,0,0
44,66.0,23.217000000000002,30.787000000000003,28.040000000000003,279.0,269.0,240.0,30.0,0,0,1,0,0
33,2.0,23.693,31.434,28.434,262.0,259.0,270.0,5.0,0,0,0,1,0
33,3.0,23.720000000000002,31.302000000000003,28.228,263.0,262.0,271.0,6.0,0,0,0,1,0
33,5.0,23.607000000000003,31.470000000000002,28.129,258.0,267.0,272.0,8.0,0,0,0,1,0
33,7.0,23.657,31.338,28.095000000000002,259.0,262.0,273.0,10.0,0,0,0,1,0
33,12.0,23.744,31.323,28.23,256.0,267.0,273.0,15.0,0,0,0,1,0
33,13.0,23.597,31.287000000000003,28.125,263.0,271.0,273.0,16.0,0,0,0,1,0
33,14.0,23.64,31.376,28.139000000000003,261.0,268.0,273.0,17.0,0,0,0,1,0
33,15.0,23.612000000000002,31.393,28.147000000000002,263.0,269.0,273.0,18.0,0,0,0,1,0
33,16.0,23.665000000000003,31.479000000000003,28.371000000000002,261.0,265.0,273.0,19.0,0,0,0,1,0
33,17.0,23.724,31.35,28.189,259.0,269.0,273.0,20.0,0,0,0,1,0
33,18.0,23.636000000000003,31.417,28.236,261.0,267.0,274.0,21.0,0,0,0,1,0
33,19.0,23.736,31.308000000000003,28.273000000000003,259.0,272.0,274.0,22.0,0,0,0,1,0
33,20.0,23.628,31.466,28.268,262.0,273.0,273.0,23.0,0,0,0,1,0
33,22.0,23.686,31.518,28.309,265.0,275.0,273.0,25.0,0,0,0,1,0
33,23.0,23.702,31.609,28.418000000000003,264.0,275.0,273.0,26.0,0,0,0,1,0
33,26.0,22.856,30.838,27.717000000000002,270.0,269.0,277.0,2.0,0,0,1,0,0
33,27.0,23.266000000000002,31.048000000000002,27.857000000000003,265.0,262.0,276.0,3.0,0,0,1,0,0
33,28.0,23.436,30.963,27.859,267.0,271.0,275.0,4.0,0,0,1,0,0
33,29.0,23.418000000000003,31.104000000000003,27.924000000000003,262.0,262.0,275.0,5.0,0,0,1,0,0
33,30.0,23.576,31.205000000000002,27.840000000000003,258.0,264.0,275.0,6.0,0,0,1,0,0
33,31.0,23.493000000000002,31.162000000000003,28.059,260.0,268.0,277.0,7.0,0,0,1,0,0
33,32.0,23.372,31.081000000000003,28.003,265.0,262.0,277.0,8.0,0,0,1,0,0
33,34.0,23.124000000000002,30.765,27.644000000000002,274.0,279.0,275.0,10.0,0,0,1,0,0
33,35.0,23.251,30.687,27.633000000000003,270.0,280.0,276.0,11.0,0,0,1,0,0
33,36.0,22.994,30.693,27.8,280.0,283.0,278.0,12.0,0,0,1,0,0
33,37.0,23.133000000000003,30.809,27.930000000000003,272.0,283.0,279.0,13.0,0,0,1,0,0
33,38.0,23.116000000000003,30.785,27.826,277.0,281.0,278.0,14.0,0,0,1,0,0
33,39.0,23.284000000000002,30.717000000000002,28.083000000000002,272.0,282.0,278.0,15.0,0,0,1,0,0
33,40.0,23.097,31.011000000000003,27.882,271.0,279.0,278.0,16.0,0,0,1,0,0
33,41.0,23.099,30.772000000000002,27.846,273.0,284.0,279.0,17.0,0,0,1,0,0
33,42.0,23.092000000000002,30.880000000000003,28.146,277.0,284.0,286.0,18.0,0,0,1,0,0
33,43.0,22.75,30.89,27.992,276.0,273.0,277.0,19.0,0,0,1,0,0
33,44.0,23.191000000000003,30.765,27.930000000000003,271.0,276.0,279.0,20.0,0,0,1,0,0
33,45.0,23.124000000000002,30.846000000000004,28.017000000000003,276.0,278.0,280.0,21.0,0,0,1,0,0
33,46.0,23.139000000000003,31.113000000000003,28.221,273.0,284.0,280.0,22.0,0,0,1,0,0
33,47.0,23.184,31.159000000000002,28.246000000000002,272.0,272.0,281.0,23.0,0,0,1,0,0
33,48.0,23.287000000000003,31.571,28.181,270.0,277.0,280.0,24.0,0,0,1,0,0
33,49.0,23.288,31.369000000000003,28.267000000000003,269.0,281.0,278.0,25.0,0,0,1,0,0
33,50.0,23.265,31.032000000000004,28.043000000000003,270.0,271.0,279.0,26.0,0,0,1,0,0
33,51.0,23.349,31.128000000000004,28.036,273.0,292.0,278.0,27.0,0,0,1,0,0
33,52.0,23.256,30.978,28.124000000000002,268.0,275.0,278.0,28.0,0,0,1,0,0
33,53.0,23.283,30.912000000000003,27.973000000000003,276.0,285.0,281.0,29.0,0,0,1,0,0
33,54.0,23.263,31.031000000000002,28.235000000000003,268.0,282.0,280.0,30.0,0,0,1,0,0
33,55.0,23.284000000000002,31.022000000000002,28.358,269.0,278.0,281.0,31.0,0,0,1,0,0
33,56.0,23.434,31.429000000000002,28.060000000000002,275.0,280.0,280.0,32.0,0,0,1,0,0
33,58.0,23.302000000000003,31.007,28.102,267.0,285.0,278.0,34.0,0,0,1,0,0
33,59.0,23.338,30.937,28.271,275.0,283.0,279.0,35.0,0,0,1,0,0
33,62.0,22.272000000000002,29.205000000000002,26.672,285.0,289.0,281.0,2.0,0,0,0,1,0
33,63.0,22.877000000000002,30.276000000000003,27.063000000000002,267.0,283.0,281.0,3.0,0,0,0,1,0
33,64.0,22.608,30.076,26.935000000000002,274.0,280.0,280.0,4.0,0,0,0,1,0
33,65.0,22.632,30.340000000000003,27.174000000000003,267.0,279.0,280.0,5.0,0,0,0,1,0
33,66.0,23.034000000000002,30.305000000000003,27.536,254.0,272.0,246.0,6.0,0,0,0,1,0
44,6.0,30.755000000000003,41.6,23.814,228.0,251.0,278.0,9.0,0,0,1,0,0
44,7.0,30.775000000000002,41.68,23.668000000000003,229.0,252.0,279.0,10.0,0,0,1,0,0
44,8.0,30.708000000000002,41.702000000000005,23.665000000000003,230.0,248.0,277.0,11.0,0,0,1,0,0
44,11.0,30.677000000000003,41.585,23.881,232.0,254.0,278.0,14.0,0,0,1,0,0
44,12.0,30.763,41.935,23.809,230.0,252.0,278.0,15.0,0,0,1,0,0
44,18.0,30.555000000000003,41.271,23.44,232.0,254.0,276.0,5.0,1,0,0,0,0
44,20.0,30.750000000000004,41.051,23.523000000000003,233.0,255.0,277.0,7.0,1,0,0,0,0
44,21.0,30.908,41.469,23.46,230.0,253.0,278.0,8.0,1,0,0,0,0
44,22.0,30.716,41.255,23.568,231.0,253.0,277.0,9.0,1,0,0,0,0
44,23.0,30.573,41.001000000000005,23.645000000000003,232.0,258.0,277.0,10.0,1,0,0,0,0
44,24.0,30.501,41.09,23.496000000000002,231.0,258.0,278.0,11.0,1,0,0,0,0
44,25.0,30.716,40.983000000000004,23.66,230.0,256.0,277.0,12.0,1,0,0,0,0
44,26.0,30.682000000000002,41.157000000000004,23.783,231.0,257.0,277.0,13.0,1,0,0,0,0
44,30.0,30.213,40.895,23.257,233.0,258.0,277.0,2.0,1,0,0,0,0
44,31.0,30.947000000000003,41.186,23.172,224.0,252.0,278.0,3.0,1,0,0,0,0
44,32.0,30.240000000000002,41.061,23.428,234.0,242.0,278.0,4.0,1,0,0,0,0
44,33.0,30.362000000000002,41.264,23.415000000000003,233.0,244.0,278.0,5.0,1,0,0,0,0
44,37.0,30.339000000000002,41.183,23.218,235.0,250.0,280.0,9.0,1,0,0,0,0
44,38.0,30.347,40.986000000000004,23.387,234.0,254.0,280.0,10.0,1,0,0,0,0
44,39.0,30.468000000000004,41.03,23.318,235.0,258.0,279.0,11.0,1,0,0,0,0
44,40.0,30.62,40.931000000000004,23.339000000000002,233.0,257.0,280.0,12.0,1,0,0,0,0
44,41.0,30.276000000000003,40.771,23.287000000000003,234.0,258.0,279.0,13.0,1,0,0,0,0
44,44.0,29.976000000000003,40.631,23.408,232.0,261.0,279.0,16.0,1,0,0,0,0
44,45.0,30.534000000000002,40.615,23.434,233.0,258.0,280.0,17.0,1,0,0,0,0
44,46.0,30.238000000000003,40.85,23.404,236.0,258.0,285.0,18.0,1,0,0,0,0
44,47.0,30.448,40.884,23.259,234.0,256.0,279.0,19.0,1,0,0,0,0
44,48.0,30.336000000000002,40.567,23.264000000000003,235.0,257.0,280.0,20.0,1,0,0,0,0
44,49.0,30.273000000000003,40.641000000000005,23.222,233.0,256.0,280.0,21.0,1,0,0,0,0
44,50.0,30.265,40.749,23.34,235.0,257.0,282.0,22.0,1,0,0,0,0
44,51.0,30.360000000000003,41.010000000000005,23.209000000000003,234.0,257.0,282.0,23.0,1,0,0,0,0
44,52.0,30.625000000000004,40.96,23.354000000000003,237.0,258.0,281.0,24.0,1,0,0,0,0
44,54.0,30.734,40.788000000000004,23.292,233.0,258.0,280.0,26.0,1,0,0,0,0
44,55.0,30.605,40.96,23.141000000000002,235.0,258.0,280.0,27.0,1,0,0,0,0
44,56.0,30.431,40.946000000000005,23.541,239.0,267.0,279.0,28.0,1,0,0,0,0
33,6.0,30.819000000000003,41.205000000000005,23.958000000000002,232.0,259.0,272.0,9.0,0,0,1,0,0
33,7.0,30.846000000000004,41.378,23.678,230.0,253.0,273.0,10.0,0,0,1,0,0
33,8.0,31.016000000000002,41.266000000000005,23.75,228.0,255.0,272.0,11.0,0,0,1,0,0
33,9.0,30.988000000000003,41.271,23.753,231.0,255.0,273.0,12.0,0,0,1,0,0
33,10.0,30.984,41.378,23.813000000000002,229.0,253.0,273.0,13.0,0,0,1,0,0
33,11.0,30.868000000000002,41.427,23.884,231.0,250.0,272.0,14.0,0,0,1,0,0
33,12.0,31.286,41.516000000000005,23.790000000000003,226.0,252.0,273.0,15.0,0,0,1,0,0
33,13.0,31.024,41.468,23.799000000000003,235.0,255.0,273.0,16.0,0,0,1,0,0
33,14.0,31.07,41.804,24.006,233.0,253.0,273.0,17.0,0,0,1,0,0
33,15.0,31.225,41.652,24.047,230.0,251.0,273.0,18.0,0,0,1,0,0
33,16.0,31.144000000000002,41.813,24.076,232.0,250.0,273.0,19.0,0,0,1,0,0
33,20.0,30.565,40.842000000000006,23.463,234.0,252.0,276.0,3.0,0,0,1,0,0
33,21.0,30.615000000000002,40.781000000000006,23.433,232.0,253.0,276.0,4.0,0,0,1,0,0
33,22.0,30.617,40.954,23.588,234.0,254.0,275.0,5.0,0,0,1,0,0
33,23.0,30.634,40.895,23.593,231.0,255.0,276.0,6.0,0,0,1,0,0
33,26.0,30.560000000000002,40.855000000000004,23.543000000000003,233.0,252.0,277.0,9.0,0,0,1,0,0
33,27.0,30.543000000000003,40.968,23.607000000000003,236.0,253.0,279.0,10.0,0,0,1,0,0
33,28.0,30.461000000000002,41.043,23.622,235.0,254.0,275.0,11.0,0,0,1,0,0
33,29.0,30.687,41.07,23.525000000000002,232.0,255.0,276.0,12.0,0,0,1,0,0
33,30.0,30.651000000000003,41.056000000000004,23.769000000000002,233.0,256.0,284.0,13.0,0,0,1,0,0
33,31.0,30.297,41.194,23.563000000000002,236.0,254.0,277.0,14.0,0,0,1,0,0
33,32.0,30.655,41.205000000000005,23.518,234.0,254.0,275.0,15.0,0,0,1,0,0
33,34.0,30.731,41.169000000000004,23.738000000000003,233.0,256.0,278.0,17.0,0,0,1,0,0
33,36.0,30.744000000000003,41.356,23.621000000000002,234.0,255.0,276.0,19.0,0,0,1,0,0
33,37.0,30.69,41.332,23.598000000000003,237.0,257.0,276.0,20.0,0,0,1,0,0
33,38.0,30.808000000000003,41.329,23.784000000000002,235.0,258.0,276.0,21.0,0,0,1,0,0
33,41.0,30.009,40.188,23.031000000000002,237.0,258.0,277.0,2.0,1,0,0,0,0
33,42.0,30.261000000000003,40.194,22.995,235.0,257.0,278.0,3.0,1,0,0,0,0
33,43.0,30.019000000000002,40.159000000000006,23.053,237.0,260.0,277.0,4.0,1,0,0,0,0
33,44.0,30.154000000000003,40.362,23.078000000000003,236.0,261.0,278.0,5.0,1,0,0,0,0
33,45.0,30.332,40.429,23.295,234.0,263.0,280.0,6.0,1,0,0,0,0
33,46.0,30.377000000000002,40.385000000000005,23.132,232.0,260.0,278.0,7.0,1,0,0,0,0
33,47.0,30.285,40.482,23.325000000000003,231.0,264.0,283.0,8.0,1,0,0,0,0
33,49.0,30.168000000000003,40.31,23.098000000000003,233.0,265.0,278.0,10.0,1,0,0,0,0
33,50.0,30.257,40.232,23.404,236.0,264.0,280.0,11.0,1,0,0,0,0
33,52.0,30.437,40.856,23.376,233.0,265.0,291.0,13.0,1,0,0,0,0
33,53.0,30.106,42.248000000000005,24.059,234.0,264.0,289.0,14.0,1,0,0,0,0
33,54.0,30.659000000000002,40.692,23.722,232.0,263.0,280.0,15.0,1,0,0,0,0
33,56.0,30.275000000000002,40.838,23.614,231.0,266.0,277.0,17.0,1,0,0,0,0
44,2.0,17.961000000000002,38.053000000000004,32.777,276.0,291.0,218.0,5.0,0,0,1,0,0
44,3.0,18.136000000000003,37.86,32.591,281.0,292.0,216.0,6.0,0,0,1,0,0
44,6.0,17.981,38.201,32.411,280.0,295.0,216.0,9.0,0,0,1,0,0
44,7.0,17.993000000000002,38.122,32.435,279.0,295.0,216.0,10.0,0,0,1,0,0
44,8.0,18.031000000000002,38.157000000000004,32.397,280.0,295.0,215.0,11.0,0,0,1,0,0
44,9.0,18.063000000000002,38.148,32.145,282.0,295.0,215.0,12.0,0,0,1,0,0
44,13.0,17.86,38.112,32.286,284.0,296.0,218.0,16.0,0,0,1,0,0
44,16.0,17.915000000000003,37.863,32.055,281.0,295.0,218.0,3.0,1,0,0,0,0
44,17.0,17.84,37.858000000000004,32.082,284.0,297.0,218.0,4.0,1,0,0,0,0
44,18.0,17.945,37.658,32.286,283.0,296.0,217.0,5.0,1,0,0,0,0
44,19.0,17.832,37.861000000000004,32.539,281.0,297.0,217.0,6.0,1,0,0,0,0
44,20.0,17.991,39.318000000000005,36.134,296.0,277.0,221.0,7.0,1,0,0,0,0
44,21.0,19.193,39.228,32.064,288.0,296.0,218.0,8.0,1,0,0,0,0
44,22.0,17.866,37.904,32.236000000000004,279.0,292.0,218.0,9.0,1,0,0,0,0
44,23.0,17.739,37.762,32.162,286.0,296.0,219.0,10.0,1,0,0,0,0
44,24.0,17.818,37.815000000000005,32.346000000000004,281.0,294.0,218.0,11.0,1,0,0,0,0
44,25.0,17.823,37.765,32.282000000000004,283.0,294.0,218.0,12.0,1,0,0,0,0
44,27.0,17.837,37.78,32.358000000000004,286.0,297.0,219.0,14.0,1,0,0,0,0
44,28.0,17.893,37.785000000000004,32.465,283.0,297.0,218.0,15.0,1,0,0,0,0
44,29.0,17.802,37.703,31.979000000000003,284.0,298.0,218.0,16.0,1,0,0,0,0
44,30.0,17.714000000000002,37.633,32.161,282.0,298.0,218.0,17.0,1,0,0,0,0
44,31.0,17.788,37.728,31.979000000000003,285.0,308.0,219.0,18.0,1,0,0,0,0
44,32.0,17.757,37.702000000000005,31.985000000000003,282.0,295.0,219.0,19.0,1,0,0,0,0
44,33.0,17.642,37.863,32.237,287.0,300.0,220.0,20.0,1,0,0,0,0
44,35.0,17.721,37.689,32.181000000000004,283.0,297.0,219.0,22.0,1,0,0,0,0
44,41.0,17.675,37.365,31.678,287.0,298.0,219.0,28.0,1,0,0,0,0
44,43.0,17.6,37.29,31.725,291.0,302.0,218.0,30.0,1,0,0,0,0
44,44.0,17.666,37.535000000000004,31.819000000000003,284.0,299.0,219.0,31.0,1,0,0,0,0
44,45.0,17.617,37.334,32.015,288.0,302.0,218.0,32.0,1,0,0,0,0
44,46.0,17.618000000000002,37.341,32.311,287.0,307.0,218.0,33.0,1,0,0,0,0
44,48.0,17.62,37.444,32.489000000000004,290.0,306.0,213.0,35.0,1,0,0,0,0
44,49.0,17.724,37.522000000000006,31.629,286.0,297.0,220.0,36.0,1,0,0,0,0
44,51.0,17.711000000000002,37.544000000000004,31.679000000000002,283.0,296.0,221.0,38.0,1,0,0,0,0
44,52.0,17.608,37.407000000000004,31.818,286.0,297.0,220.0,39.0,1,0,0,0,0
33,2.0,18.116,38.026,32.961,284.0,300.0,213.0,5.0,0,0,0,1,0
33,3.0,17.999000000000002,38.043,32.785000000000004,286.0,300.0,212.0,6.0,0,0,0,1,0
33,4.0,18.019000000000002,38.125,32.882000000000005,284.0,299.0,214.0,7.0,0,0,0,1,0
33,5.0,17.999000000000002,38.083000000000006,32.636,285.0,300.0,215.0,8.0,0,0,0,1,0
33,6.0,17.958000000000002,38.014,32.735,284.0,300.0,215.0,9.0,0,0,0,1,0
33,7.0,18.0,38.046,32.59,285.0,301.0,214.0,10.0,0,0,0,1,0
33,8.0,18.064,38.188,32.565000000000005,284.0,300.0,215.0,11.0,0,0,0,1,0
33,9.0,18.022000000000002,38.197,32.452000000000005,286.0,300.0,215.0,12.0,0,0,0,1,0
33,10.0,18.025000000000002,38.207,32.658,287.0,301.0,213.0,13.0,0,0,0,1,0
33,11.0,18.122,38.378,32.637,286.0,300.0,214.0,14.0,0,0,0,1,0
33,12.0,18.186,38.25,32.846000000000004,285.0,299.0,212.0,15.0,0,0,0,1,0
33,15.0,17.889,37.996,32.607,287.0,302.0,215.0,2.0,1,0,0,0,0
33,16.0,17.937,37.751000000000005,33.318000000000005,289.0,320.0,213.0,3.0,1,0,0,0,0
33,17.0,18.096,37.723,33.289,288.0,323.0,212.0,4.0,1,0,0,0,0
33,18.0,18.027,37.865,32.61,294.0,306.0,215.0,5.0,1,0,0,0,0
33,19.0,17.985,38.329,32.399,284.0,296.0,215.0,6.0,1,0,0,0,0
33,20.0,17.869,38.095,32.423,287.0,301.0,215.0,7.0,1,0,0,0,0
33,21.0,17.900000000000002,37.940000000000005,32.729,288.0,321.0,214.0,8.0,1,0,0,0,0
33,22.0,17.949,37.825,32.548,289.0,304.0,215.0,9.0,1,0,0,0,0
33,23.0,17.899,37.898,32.378,290.0,303.0,215.0,10.0,1,0,0,0,0
33,24.0,17.887,37.89,32.402,288.0,302.0,216.0,11.0,1,0,0,0,0
33,30.0,17.86,37.682,32.136,289.0,304.0,216.0,17.0,1,0,0,0,0
33,31.0,17.82,37.747,32.35,290.0,306.0,216.0,18.0,1,0,0,0,0
33,32.0,17.811,37.938,32.164,291.0,306.0,217.0,19.0,1,0,0,0,0
33,33.0,17.76,37.758,32.063,289.0,304.0,217.0,20.0,1,0,0,0,0
33,34.0,17.814,37.846000000000004,32.123000000000005,291.0,304.0,217.0,21.0,1,0,0,0,0
33,35.0,17.755000000000003,37.830000000000005,32.176,289.0,303.0,216.0,22.0,1,0,0,0,0
33,38.0,17.722,37.344,31.255000000000003,287.0,298.0,221.0,2.0,1,0,0,0,0
33,40.0,17.543000000000003,37.501000000000005,31.508000000000003,288.0,298.0,220.0,4.0,1,0,0,0,0
33,41.0,17.474,37.462,31.365000000000002,292.0,304.0,219.0,5.0,1,0,0,0,0
33,42.0,17.449,37.448,31.566000000000003,293.0,304.0,219.0,6.0,1,0,0,0,0
33,44.0,17.463,37.461000000000006,31.884,292.0,306.0,218.0,8.0,1,0,0,0,0
33,45.0,17.576,37.499,31.693,294.0,304.0,219.0,9.0,1,0,0,0,0
33,47.0,17.577,37.416000000000004,31.663,295.0,303.0,219.0,11.0,1,0,0,0,0
33,48.0,17.450000000000003,37.505,31.599,293.0,304.0,219.0,12.0,1,0,0,0,0
33,51.0,17.48,37.356,32.212,294.0,311.0,217.0,15.0,1,0,0,0,0
33,52.0,17.718,37.662,32.179,293.0,307.0,218.0,16.0,1,0,0,0,0
44,5.0,29.39,38.032000000000004,25.627000000000002,288.0,254.0,249.0,3.0,0,0,1,0,0
44,6.0,29.523000000000003,38.109,25.481,292.0,254.0,249.0,4.0,0,0,1,0,0
44,7.0,29.324,37.952000000000005,25.462000000000003,295.0,255.0,249.0,5.0,0,0,1,0,0
44,8.0,29.426000000000002,37.924,25.578000000000003,296.0,255.0,249.0,6.0,0,0,1,0,0
44,9.0,29.525000000000002,37.892,25.596,297.0,258.0,247.0,7.0,0,0,1,0,0
44,10.0,29.541,38.108000000000004,25.809,295.0,257.0,246.0,8.0,0,0,1,0,0
44,11.0,29.656000000000002,37.795,25.499000000000002,296.0,255.0,248.0,9.0,0,0,1,0,0
44,12.0,29.758000000000003,37.856,25.329,292.0,256.0,249.0,10.0,0,0,1,0,0
44,14.0,29.539,37.761,25.449,294.0,256.0,248.0,12.0,0,0,1,0,0
44,15.0,29.544,37.732,25.437,298.0,258.0,249.0,13.0,0,0,1,0,0
44,16.0,29.502000000000002,37.577000000000005,25.394000000000002,297.0,260.0,250.0,14.0,0,0,1,0,0
44,17.0,29.159000000000002,37.616,25.516000000000002,308.0,259.0,249.0,15.0,0,0,1,0,0
44,18.0,29.386000000000003,37.754000000000005,25.408,305.0,259.0,249.0,16.0,0,0,1,0,0
44,19.0,29.451,37.664,25.482000000000003,295.0,257.0,249.0,17.0,0,0,1,0,0
44,22.0,29.346,37.439,25.404,297.0,256.0,250.0,20.0,0,0,1,0,0
44,23.0,29.37,37.628,25.313000000000002,296.0,257.0,250.0,21.0,0,0,1,0,0
44,24.0,29.372000000000003,37.829,25.485000000000003,294.0,255.0,250.0,22.0,0,0,1,0,0
44,25.0,29.229000000000003,37.593,25.293000000000003,295.0,257.0,250.0,23.0,0,0,1,0,0
44,26.0,29.117,37.433,25.304000000000002,299.0,257.0,250.0,24.0,0,0,1,0,0
44,29.0,29.005000000000003,36.77,24.987000000000002,293.0,259.0,252.0,2.0,1,0,0,0,0
44,30.0,29.125000000000004,36.855000000000004,25.133000000000003,294.0,260.0,251.0,3.0,1,0,0,0,0
44,31.0,29.047,37.019000000000005,25.191000000000003,309.0,260.0,250.0,4.0,1,0,0,0,0
44,32.0,29.559,37.658,25.271,294.0,259.0,250.0,5.0,1,0,0,0,0
44,33.0,29.53,37.376000000000005,25.132,288.0,260.0,249.0,6.0,1,0,0,0,0
44,34.0,29.208000000000002,37.07,24.941000000000003,292.0,260.0,252.0,7.0,1,0,0,0,0
44,35.0,29.101000000000003,36.799,24.917,294.0,261.0,251.0,8.0,1,0,0,0,0
44,36.0,29.122000000000003,36.935,24.968,295.0,258.0,251.0,9.0,1,0,0,0,0
44,37.0,29.088,36.787,24.932000000000002,296.0,261.0,253.0,10.0,1,0,0,0,0
44,38.0,28.861,36.758,24.975,297.0,263.0,251.0,11.0,1,0,0,0,0
44,39.0,29.131,36.815000000000005,24.913,296.0,263.0,253.0,12.0,1,0,0,0,0
44,40.0,28.896,36.862,24.685000000000002,299.0,262.0,252.0,13.0,1,0,0,0,0
44,41.0,28.969,36.707,24.792,293.0,260.0,253.0,14.0,1,0,0,0,0
44,42.0,28.883000000000003,36.511,24.766000000000002,296.0,263.0,253.0,15.0,1,0,0,0,0
44,43.0,28.935000000000002,36.63,24.693,295.0,263.0,253.0,16.0,1,0,0,0,0
44,44.0,28.753,36.413000000000004,24.635,297.0,263.0,253.0,17.0,1,0,0,0,0
44,46.0,28.703000000000003,36.289,24.709000000000003,296.0,260.0,253.0,19.0,1,0,0,0,0
44,47.0,28.943,36.512,25.065,297.0,265.0,253.0,20.0,1,0,0,0,0
44,48.0,28.946,36.56,24.997,299.0,264.0,251.0,21.0,1,0,0,0,0
44,49.0,28.895000000000003,36.75,24.880000000000003,301.0,265.0,255.0,22.0,1,0,0,0,0
44,50.0,28.815,37.172000000000004,24.913,315.0,262.0,254.0,23.0,1,0,0,0,0
44,51.0,29.052000000000003,37.029,24.956000000000003,298.0,263.0,255.0,24.0,1,0,0,0,0
